INSERT INTO department (id, name)
VALUES 
( 1, 'Marketing' ),
( 2, 'Finance' ),
( 3, 'Operations Management' ),
( 4, 'Human Resources' ),
( 5, 'IT' );

INSERT INTO role (id, title, salary, department_id)
VALUES
( 1, 'Marketing Specialist', 89075, 1 ),
( 2, 'Marketing Manager', 60416, 1 ),
( 3, 'Marketing Director', 50790, 1 ),
( 4, 'Graphic Designer', 67217, 1 ),
( 5, 'Marketing Research Analyst', 61572, 1 ),
( 6, 'Marketing Communications Manager', 89670, 1 ),
( 7, 'Marketing Consultant', 47980, 1 ),
( 8, 'Product Manager', 78788, 1 ),
( 9, 'Public Relations', 82457, 1 ),
( 10, 'Social Media Assistant', 48860, 1 ),
( 11, 'Brand Manager', 64842, 1 ),
( 12, 'SEO Manager', 59495, 1 ),
( 13, 'Content Marketing Manager', 75006, 1 ),
( 14, 'Copywriter', 62909, 1 ),
( 15, 'Media Buyer', 55412, 1 ),
( 16, 'Digital Marketing Manager', 63506, 1 ),
( 17, 'eCommerce Marketing Specialist', 51302, 1 ),
( 18, 'Brand Strategist', 46142, 1 ),
( 19, 'Vice President of Marketing', 73260, 1 ),
( 20, 'Media Relations Coordinator', 44514, 1 ),
( 1, 'Marketing Specialist', 155082, 2 ),
( 2, 'Marketing Manager', 158416, 2 ),
( 3, 'Marketing Director', 141306, 2 ),
( 4, 'Graphic Designer', 107891, 2 ),
( 5, 'Marketing Research Analyst', 116537, 2 ),
( 6, 'Marketing Communications Manager', 162918, 2 ),
( 7, 'Marketing Consultant', 127239, 2 ),
( 8, 'Product Manager', 132807, 2 ),
( 9, 'Public Relations', 97883, 2 ),
( 10, 'Social Media Assistant', 52485, 2 ),
( 11, 'Brand Manager', 94063, 2 ),
( 12, 'SEO Manager', 160071, 2 ),
( 13, 'Content Marketing Manager', 79616, 2 ),
( 14, 'Copywriter', 127490, 2 ),
( 15, 'Media Buyer', 80425, 2 ),
( 16, 'Digital Marketing Manager', 156761, 2 ),
( 17, 'eCommerce Marketing Specialist', 106734, 2 ),
( 18, 'Brand Strategist', 152941, 2 ),
( 19, 'Vice President of Marketing', 83753, 2 ),
( 20, 'Media Relations Coordinator', 53912, 2 ),
( 1, 'Operations Manager', 169798, 3 ),
( 2, 'Operations Assistant', 86903, 3 ),
( 3, 'Operations Coordinator', 129287, 3 ),
( 4, 'Operations Analyst', 184745, 3 ),
( 5, 'Operations Director', 102159, 3 ),
( 6, 'Vice President of Operations', 119938, 3 ),
( 7, 'Operations Professional', 176488, 3 ),
( 8, 'Scrum Master', 128866, 3 ),
( 9, 'Continuous Improvement Lead', 67593, 3 ),
( 10, 'Continuous Improvement Consultant', 72726, 3 ),
( 1, 'Human Resources', 64210, 4 ),
( 2, 'Office Assistant', 77506, 4 ),
( 3, 'Secretary', 50466, 4 ),
( 4, 'Office Clerk', 63916, 4 ),
( 5, 'File Clerk', 72679, 4 ),
( 6, 'Account Collector', 56414, 4 ),
( 7, 'Administrative Specialist', 50759, 4 ),
( 8, 'Executive Assistant', 89379, 4 ),
( 9, 'Program Administrator', 70191, 4 ),
( 10, 'Program Manager', 52335, 4 ),
( 11, 'Administrative Analyst', 50658, 4 ),
( 12, 'Data Entry', 90693, 4 ),
( 1, 'Computer Scientist', 44878, 5 ),
( 2, 'IT Professional', 113253, 5 ),
( 3, 'UX Designer & UI Developer', 121133, 5 ),
( 4, 'SQL Developer', 76082, 5 ),
( 5, 'Web Designer', 180499, 5 ),
( 6, 'Web Developer', 127967, 5 ),
( 7, 'Help Desk Worker/Desktop Support', 136794, 5 ),
( 8, 'Software Engineer', 90736, 5 ),
( 9, 'Data Entry', 147579, 5 ),
( 10, 'DevOps Engineer', 151910, 5 ),
( 11, 'Computer Programmer', 139965, 5 ),
( 12, 'Network Administrator', 180546, 5 ),
( 13, 'Information Security Analyst', 103988, 5 ),
( 14, 'Artificial Intelligence Engineer', 145920, 5 ),
( 15, 'Cloud Architect', 181100, 5 ),
( 16, 'IT Manager', 138174, 5 ),
( 17, 'Technical Specialist', 47750, 5 ),
( 18, 'Application Developer', 87517, 5 ),
( 19, 'Chief Technology Officer (CTO)', 133117, 5 ),
( 20, 'Chief Information Officer (CIO)', 174920, 5 );


INSERT INTO employee (id, first_name, last_name, role_id, manager_id)
VALUES
( 1, 'Cool', 'Tereshkova', 4, 34),
( 2, 'Zen', 'Bohr', 2, 3),
( 3, 'Funny', 'Lehmann', 6, 3),
( 4, 'Distracted', 'Jepsen', 3, 9),
( 5, 'Pedantic', 'Morse', 7, 18),
( 6, 'Nifty', 'Goldstine', 10, 15),
( 7, 'Trusting', 'Bose', 9, 49),
( 8, 'Xenodochial', 'Agnesi', 3, 50),
( 9, 'Vigorous', 'Greider', 0, 7),
( 10, 'Condescending', 'Mendel', 10, 47),
( 11, 'Charming', 'Booth', 2, 44),
( 12, 'Distracted', 'Lamport', 1, 44),
( 13, 'Hopeful', 'Knuth', 10, 32),
( 14, 'Clever', 'Bassi', 1, 16),
( 15, 'Condescending', 'Boyd', 6, 24),
( 16, 'Priceless', 'Raman', 8, 50),
( 17, 'Stoic', 'Merkle', 5, 48),
( 18, 'Optimistic', 'Faraday', 9, 50),
( 19, 'Naughty', 'Lederberg', 6, 20),
( 20, 'Unruffled', 'Lalande', 2, 24),
( 21, 'Recursing', 'Yalow', 4, 9),
( 22, 'Dreamy', 'Northcutt', 7, 33),
( 23, 'Elastic', 'Allen', 4, 29),
( 24, 'Bold', 'Albattani', 10, 3),
( 25, 'Reverent', 'Cohen', 6, 15),
( 26, 'Peaceful', 'Tesla', 7, 22),
( 27, 'Frosty', 'Curie', 8, 36),
( 28, 'Brave', 'Greider', 2, 27),
( 29, 'Brave', 'Ride', 10, 19),
( 30, 'Serene', 'Sinoussi', 3, 40),
( 31, 'Elegant', 'Wing', 5, 44),
( 32, 'Boring', 'Heisenberg', 5, 10),
( 33, 'Hopeful', 'Chatterjee', 4, 31),
( 34, 'Kind', 'Meninsky', 5, 48),
( 35, 'Thirsty', 'Chaplygin', 3, 4),
( 36, 'Zealous', 'Wilbur', 2, 2),
( 37, 'Great', 'Bartik', 5, 44),
( 38, 'Elastic', 'Cerf', 6, 15),
( 39, 'Zen', 'Lamarr', 5, 47),
( 40, 'Busy', 'Pascal', 9, 22),
( 41, 'Hungry', 'Morse', 4, 26),
( 42, 'Flamboyant', 'Brahmagupta', 1, 13),
( 43, 'Infallible', 'Almeida', 8, 22),
( 44, 'Competent', 'Brattain', 1, 44),
( 45, 'Pedantic', 'Driscoll', 10, 51),
( 46, 'Eloquent', 'Bell', 3, 51),
( 47, 'Nostalgic', 'Blackwell', 5, 4),
( 48, 'Happy', 'Meninsky', 2, 36),
( 49, 'Inspiring', 'Hodgkin', 6, 5),
( 50, 'Focused', 'Cartwright', 0, 18),
( 51, 'Inspiring', 'Blackburn', 10, 8),
( 52, 'Determined', 'Babbage', 4, 18),
( 53, 'Zen', 'Darwin', 9, 24),
( 54, 'Serene', 'Solomon', 20, 17),
( 55, 'Beautiful', 'Nightingale', 8, 21),
( 56, 'Eloquent', 'Shamir', 5, 19),
( 57, 'Wizardly', 'Solomon', 11, 4),
( 58, 'Stupefied', 'Cerf', 0, 15),
( 59, 'Strange', 'Liskov', 12, 25),
( 60, 'Wonderful', 'Williamson', 11, 47),
( 61, 'Amazing', 'Cori', 2, 22),
( 62, 'Quirky', 'Greider', 19, 48),
( 63, 'Brave', 'Sinoussi', 20, 46),
( 64, 'Xenodochial', 'Chaum', 4, 22),
( 65, 'Upbeat', 'Ptolemy', 17, 25),
( 66, 'Elastic', 'Keller', 20, 2),
( 67, 'Dazzling', 'Khayyam', 1, 43),
( 68, 'Wizardly', 'Hypatia', 11, 16),
( 69, 'Cool', 'Bhabha', 9, 42),
( 70, 'Laughing', 'Swirles', 15, 29),
( 71, 'Vibrant', 'Yalow', 0, 23),
( 72, 'Sharp', 'Spence', 7, 17),
( 73, 'Angry', 'Lamport', 7, 15),
( 74, 'Eloquent', 'Newton', 3, 32),
( 75, 'Beautiful', 'Goodall', 14, 20),
( 76, 'Naughty', 'Gagarin', 14, 21),
( 77, 'Upbeat', 'Cannon', 6, 50),
( 78, 'Festive', 'Perlman', 2, 14),
( 79, 'Wonderful', 'Poitras', 19, 35),
( 80, 'Upbeat', 'Dewdney', 10, 38),
( 81, 'Elated', 'Burnell', 18, 24),
( 82, 'Objective', 'Meninsky', 12, 44),
( 83, 'Determined', 'Margulis', 0, 35),
( 84, 'Condescending', 'Hypatia', 4, 24),
( 85, 'Quizzical', 'Williamson', 13, 48),
( 86, 'Determined', 'Hermann', 20, 23),
( 87, 'Sweet', 'Zhukovsky', 8, 36),
( 88, 'Fervent', 'Mendeleev', 13, 44),
( 89, 'Amazing', 'Mirzakhani', 8, 5),
( 90, 'Quirky', 'Swartz', 1, 9),
( 91, 'Nervous', 'Vaughan', 2, 15),
( 92, 'Confident', 'Tereshkova', 12, 46),
( 93, 'Nice', 'Pare', 1, 44),
( 94, 'Competent', 'Cray', 11, 3),
( 95, 'Confident', 'Jang', 1, 22),
( 96, 'Stoic', 'Greider', 2, 1),
( 97, 'Loving', 'Johnson', 7, 6),
( 98, 'Dazzling', 'Hawking', 3, 23),
( 99, 'Practical', 'Wilson', 17, 33),
( 100, 'Tender', 'Dirac', 19, 41),
( 101, 'Flamboyant', 'Benz', 7, 43),
( 102, 'Vigilant', 'Chandrasekhar', 14, 15),
( 103, 'Admiring', 'Ritchie', 13, 43),
( 104, 'Lucid', 'Einstein', 7, 38),
( 105, 'Eloquent', 'Mclean', 19, 6),
( 106, 'Busy', 'Curran', 7, 50),
( 107, 'Wizardly', 'Banach', 8, 6),
( 108, 'Lucid', 'Golick', 4, 45),
( 109, 'Nostalgic', 'Northcutt', 0, 12),
( 110, 'Zealous', 'Neumann', 20, 43),
( 111, 'Stupefied', 'Benz', 8, 48),
( 112, 'Determined', 'Tu', 4, 23),
( 113, 'Sleepy', 'Wu', 3, 21),
( 114, 'Recursing', 'Rosalind', 17, 26),
( 115, 'Eager', 'Beaver', 11, 26),
( 116, 'Wizardly', 'Hertz', 9, 12),
( 117, 'Reverent', 'Boyd', 6, 3),
( 118, 'Jovial', 'Goldstine', 19, 12),
( 119, 'Funny', 'Saha', 2, 6),
( 120, 'Strange', 'Galileo', 4, 36),
( 121, 'Objective', 'Edison', 1, 35),
( 122, 'Upbeat', 'Grothendieck', 7, 12),
( 123, 'Hopeful', 'Mendeleev', 3, 18),
( 124, 'Eloquent', 'Mcnulty', 8, 22),
( 125, 'Zen', 'Banzai', 18, 20),
( 126, 'Epic', 'Wozniak', 11, 10),
( 127, 'Exciting', 'Neumann', 7, 48),
( 128, 'Elated', 'Pasteur', 0, 11),
( 129, 'Quirky', 'Cori', 6, 18),
( 130, 'Amazing', 'Dijkstra', 20, 34),
( 131, 'Lucid', 'Keller', 2, 31),
( 132, 'Keen', 'Kalam', 3, 10),
( 133, 'Beautiful', 'Keldysh', 6, 18),
( 134, 'Unruffled', 'Gould', 15, 25),
( 135, 'Stoic', 'Goldstine', 6, 11),
( 136, 'Objective', 'Tereshkova', 8, 23),
( 137, 'Lucid', 'Galois', 16, 26),
( 138, 'Compassionate', 'Roentgen', 4, 39),
( 139, 'Heuristic', 'Germain', 9, 10),
( 140, 'Nice', 'Dijkstra', 17, 7),
( 141, 'Unruffled', 'Satoshi', 6, 46),
( 142, 'Interesting', 'Ramanujan', 0, 45),
( 143, 'Intelligent', 'Benz', 9, 16),
( 144, 'Agitated', 'Mendel', 20, 17),
( 145, 'Great', 'Chatterjee', 5, 24),
( 146, 'Inspiring', 'Haibt', 3, 28),
( 147, 'Modest', 'Margulis', 12, 32),
( 148, 'Stoic', 'Wescoff', 19, 20),
( 149, 'Serene', 'Hamilton', 8, 39),
( 150, 'Focused', 'Hypatia', 3, 16),
( 151, 'Blissful', 'Nobel', 4, 28),
( 152, 'Frosty', 'Ishizaka', 14, 30),
( 153, 'Admiring', 'Matsumoto', 7, 39),
( 154, 'Naughty', 'Kilby', 9, 48),
( 155, 'Blissful', 'Bardeen', 1, 21),
( 156, 'Naughty', 'Keldysh', 6, 36),
( 157, 'Distracted', 'Rhodes', 9, 13),
( 158, 'Charming', 'Mendeleev', 3, 50),
( 159, 'Gracious', 'Dijkstra', 7, 47),
( 160, 'Funny', 'Goldberg', 8, 15),
( 161, 'Eloquent', 'Wing', 8, 40),
( 162, 'Youthful', 'Thompson', 19, 29),
( 163, 'Ecstatic', 'Galois', 7, 45),
( 164, 'Loving', 'Wilbur', 3, 31),
( 165, 'Agitated', 'Roentgen', 2, 50),
( 166, 'Sleepy', 'Keldysh', 0, 20),
( 167, 'Elated', 'Taussig', 3, 43),
( 168, 'Stupefied', 'Ganguly', 13, 7),
( 169, 'Naughty', 'Solomon', 3, 45),
( 170, 'Heuristic', 'Chandrasekhar', 7, 29),
( 171, 'Sad', 'Bhaskara', 6, 38),
( 172, 'Cranky', 'Gauss', 1, 1),
( 173, 'Ecstatic', 'Goodall', 1, 20),
( 174, 'Sad', 'Carson', 1, 31),
( 175, 'Fervent', 'Varahamihira', 4, 40),
( 176, 'Confident', 'Jackson', 11, 43),
( 177, 'Trusting', 'Engelbart', 0, 47),
( 178, 'Festive', 'Cartwright', 3, 39),
( 179, 'Objective', 'Satoshi', 17, 16),
( 180, 'Goofy', 'Kapitsa', 1, 37),
( 181, 'Ecstatic', 'Margulis', 3, 24),
( 182, 'Exciting', 'Vaughan', 3, 9),
( 183, 'Beautiful', 'Swanson', 11, 26),
( 184, 'Elated', 'Lamarr', 18, 18),
( 185, 'Friendly', 'Hugle', 19, 2),
( 186, 'Brave', 'Thompson', 13, 13),
( 187, 'Vigilant', 'Turing', 17, 11),
( 188, 'Blissful', 'Goldberg', 11, 10),
( 189, 'Laughing', 'Raman', 18, 45),
( 190, 'Romantic', 'Feistel', 8, 4),
( 191, 'Thirsty', 'Babbage', 8, 29),
( 192, 'Compassionate', 'Buck', 3, 7),
( 193, 'Dazzling', 'Feistel', 4, 37),
( 194, 'Suspicious', 'Mestorf', 12, 9),
( 195, 'Inspiring', 'Zhukovsky', 10, 8),
( 196, 'Pensive', 'Shaw', 19, 19),
( 197, 'Dazzling', 'Mccarthy', 2, 19),
( 198, 'Quirky', 'Villani', 6, 13),
( 199, 'Adoring', 'Bouman', 16, 14),
( 200, 'Youthful', 'Archimedes', 4, 8),
( 201, 'Dazzling', 'Hugle', 6, 25),
( 202, 'Lucid', 'Easley', 8, 36),
( 203, 'Cool', 'Mcclintock', 5, 30),
( 204, 'Optimistic', 'Yonath', 3, 12),
( 205, 'Heuristic', 'Sinoussi', 18, 9),
( 206, 'Strange', 'Swartz', 20, 10),
( 207, 'Funny', 'Napier', 1, 37),
( 208, 'Vigorous', 'Moore', 4, 42),
( 209, 'Zen', 'Rubin', 14, 1),
( 210, 'Hopeful', 'Sanderson', 20, 25),
( 211, 'Recursing', 'Yalow', 16, 40),
( 212, 'Jolly', 'Tereshkova', 7, 40),
( 213, 'Focused', 'Lumiere', 18, 29),
( 214, 'Hopeful', 'Swirles', 8, 5),
( 215, 'Unruffled', 'Feynman', 15, 49),
( 216, 'Adoring', 'Zhukovsky', 9, 46),
( 217, 'Clever', 'Greider', 20, 2),
( 218, 'Reverent', 'Perlman', 8, 3),
( 219, 'Elastic', 'Keldysh', 5, 36),
( 220, 'Interesting', 'Jang', 18, 46),
( 221, 'Exciting', 'Payne', 18, 18),
( 222, 'Relaxed', 'Thompson', 3, 11),
( 223, 'Trusting', 'Wilbur', 18, 50),
( 224, 'Vibrant', 'Babbage', 11, 7),
( 225, 'Exciting', 'Morse', 11, 1),
( 226, 'Confident', 'Poincare', 3, 15),
( 227, 'Priceless', 'Albattani', 11, 46),
( 228, 'Angry', 'Payne', 19, 31),
( 229, 'Magical', 'Pasteur', 11, 41),
( 230, 'Sharp', 'Cannon', 3, 15),
( 231, 'Relaxed', 'Dirac', 8, 11),
( 232, 'Gifted', 'Kapitsa', 1, 8),
( 233, 'Festive', 'Goldberg', 17, 38),
( 234, 'Nervous', 'Kapitsa', 1, 45),
( 235, 'Sharp', 'Shirley', 18, 36),
( 236, 'Elegant', 'Maxwell', 12, 8),
( 237, 'Hungry', 'Lederberg', 1, 10),
( 238, 'Quirky', 'Perlman', 8, 1),
( 239, 'Adoring', 'Vaughan', 16, 24),
( 240, 'Inspiring', 'Montalcini', 6, 8),
( 241, 'Priceless', 'Meninsky', 6, 15),
( 242, 'Dazzling', 'Jones', 4, 3),
( 243, 'Funny', 'Franklin', 5, 6),
( 244, 'Quirky', 'Franklin', 5, 33),
( 245, 'Bold', 'Hellman', 11, 32),
( 246, 'Crazy', 'Rhodes', 3, 13),
( 247, 'Youthful', 'Bell', 13, 23),
( 248, 'Serene', 'Gauss', 12, 39),
( 249, 'Goofy', 'Swanson', 10, 49),
( 250, 'Frosty', 'Jepsen', 16, 17),
( 251, 'Crazy', 'Bartik', 4, 8),
( 252, 'Sleepy', 'Tharp', 1, 8),
( 253, 'Cool', 'Panini', 14, 12),
( 254, 'Practical', 'Borg', 15, 21),
( 255, 'Eloquent', 'Elion', 16, 40),
( 256, 'Brave', 'Banzai', 19, 14),
( 257, 'Keen', 'Perlman', 3, 38),
( 258, 'Tender', 'Lamport', 10, 5),
( 259, 'Festive', 'Mendel', 2, 10),
( 260, 'Peaceful', 'Elbakyan', 15, 38),
( 261, 'Mystifying', 'Cerf', 17, 48),
( 262, 'Determined', 'Joliot', 1, 5),
( 263, 'Vigilant', 'Driscoll', 4, 8),
( 264, 'Sweet', 'Lewin', 6, 23),
( 265, 'Busy', 'Colden', 12, 14),
( 266, 'Confident', 'Shamir', 3, 27),
( 267, 'Zealous', 'Northcutt', 12, 37),
( 268, 'Infallible', 'Curie', 11, 22),
( 269, 'Pensive', 'Shockley', 7, 50),
( 270, 'Vigorous', 'Colden', 7, 21),
( 271, 'Determined', 'Aryabhata', 2, 30),
( 272, 'Elegant', 'Fermat', 1, 6),
( 273, 'Condescending', 'Newton', 11, 15),
( 274, 'Modest', 'Agnesi', 17, 48),
( 275, 'Dreamy', 'Agnesi', 10, 50),
( 276, 'Keen', 'Chandrasekhar', 6, 33),
( 277, 'Focused', 'Austin', 1, 20),
( 278, 'Fervent', 'Poitras', 15, 32),
( 279, 'Lucid', 'Lamport', 11, 15),
( 280, 'Hardcore', 'Lamport', 11, 15),
( 281, 'Unruffled', 'Joliot', 0, 11),
( 282, 'Boring', 'Chandrasekhar', 15, 41),
( 283, 'Heuristic', 'Wozniak', 18, 18),
( 284, 'Naughty', 'Elbakyan', 15, 11),
( 285, 'Recursing', 'Gauss', 6, 23),
( 286, 'Suspicious', 'Albattani', 9, 26),
( 287, 'Vibrant', 'Lovelace', 8, 12),
( 288, 'Sweet', 'Moser', 17, 34),
( 289, 'Intelligent', 'Turing', 9, 32),
( 290, 'Hungry', 'Shannon', 19, 31),
( 291, 'Youthful', 'Chandrasekhar', 7, 50),
( 292, 'Stoic', 'Wing', 6, 46),
( 293, 'Dazzling', 'Swartz', 7, 13),
( 294, 'Sweet', 'Tu', 17, 9),
( 295, 'Nifty', 'Engelbart', 20, 42),
( 296, 'Admiring', 'Keller', 5, 31),
( 297, 'Eloquent', 'Tharp', 17, 13),
( 298, 'Focused', 'Payne', 6, 19),
( 299, 'Suspicious', 'Montalcini', 16, 10),
( 300, 'Distracted', 'Ganguly', 0, 37),
( 301, 'Tender', 'Heisenberg', 19, 47),
( 302, 'Blissful', 'Einstein', 7, 12),
( 303, 'Kind', 'Driscoll', 0, 24),
( 304, 'Awesome', 'Euclid', 4, 25),
( 305, 'Intelligent', 'Bartik', 12, 12),
( 306, 'Heuristic', 'Jepsen', 10, 10),
( 307, 'Busy', 'Varahamihira', 2, 33),
( 308, 'Wonderful', 'Cray', 13, 40),
( 309, 'Wonderful', 'Mendel', 6, 28),
( 310, 'Amazing', 'Nobel', 10, 15),
( 311, 'Distracted', 'Lederberg', 20, 17),
( 312, 'Sleepy', 'Margulis', 3, 15),
( 313, 'Festive', 'Shirley', 8, 35),
( 314, 'Gifted', 'Shockley', 19, 22),
( 315, 'Upbeat', 'Herschel', 9, 2),
( 316, 'Kind', 'Tharp', 7, 22),
( 317, 'Xenodochial', 'Cerf', 7, 21),
( 318, 'Strange', 'Hertz', 10, 37),
( 319, 'Sweet', 'Proskuriakova', 18, 19),
( 320, 'Dreamy', 'Buck', 0, 2),
( 321, 'Naughty', 'Mcnulty', 3, 40),
( 322, 'Admiring', 'Black', 4, 24),
( 323, 'Amazing', 'Payne', 4, 5),
( 324, 'Affectionate', 'Jennings', 4, 3),
( 325, 'Gallant', 'Bouman', 20, 27),
( 326, 'Interesting', 'Yalow', 10, 16),
( 327, 'Jolly', 'Williamson', 13, 37),
( 328, 'Fervent', 'Lewin', 0, 46),
( 329, 'Intelligent', 'Johnson', 9, 28),
( 330, 'Vigilant', 'Clarke', 1, 50),
( 331, 'Determined', 'Mclean', 12, 13),
( 332, 'Naughty', 'Gould', 19, 1),
( 333, 'Goofy', 'Buck', 13, 23),
( 334, 'Zealous', 'Gagarin', 4, 29),
( 335, 'Wonderful', 'Benz', 19, 32),
( 336, 'Compassionate', 'Noyce', 14, 3),
( 337, 'Great', 'Bartik', 5, 46),
( 338, 'Youthful', 'Dhawan', 6, 19),
( 339, 'Wonderful', 'Kirch', 7, 38),
( 340, 'Vigorous', 'Brattain', 1, 32),
( 341, 'Brave', 'Joliot', 12, 7),
( 342, 'Unruffled', 'Saha', 1, 43),
( 343, 'Elated', 'Mclean', 16, 25),
( 344, 'Happy', 'Engelbart', 10, 21),
( 345, 'Inspiring', 'Proskuriakova', 0, 25),
( 346, 'Xenodochial', 'Wiles', 4, 32),
( 347, 'Distracted', 'Roentgen', 16, 19),
( 348, 'Jolly', 'Perlman', 2, 43),
( 349, 'Quizzical', 'Matsumoto', 9, 31),
( 350, 'Dreamy', 'Montalcini', 5, 43),
( 351, 'Hardcore', 'Almeida', 1, 50),
( 352, 'Competent', 'Hopper', 2, 29),
( 353, 'Xenodochial', 'Austin', 5, 43),
( 354, 'Wonderful', 'Noether', 4, 12),
( 355, 'Hungry', 'Curran', 18, 29),
( 356, 'Hopeful', 'Ardinghelli', 15, 11),
( 357, 'Interesting', 'Goodall', 11, 23),
( 358, 'Sharp', 'Curie', 10, 2),
( 359, 'Nifty', 'Faraday', 3, 29),
( 360, 'Happy', 'Bhabha', 14, 34),
( 361, 'Strange', 'Heisenberg', 5, 2),
( 362, 'Modest', 'Bell', 15, 38),
( 363, 'Practical', 'Einstein', 15, 40),
( 364, 'Distracted', 'Heisenberg', 4, 28),
( 365, 'Reverent', 'Ganguly', 0, 41),
( 366, 'Priceless', 'Einstein', 0, 27),
( 367, 'Epic', 'Clarke', 3, 43),
( 368, 'Friendly', 'Dubinsky', 18, 3),
( 369, 'Peaceful', 'Pare', 8, 23),
( 370, 'Adoring', 'Kalam', 15, 29),
( 371, 'Infallible', 'Williams', 8, 11),
( 372, 'Admiring', 'Knuth', 10, 11),
( 373, 'Hungry', 'Gates', 1, 9),
( 374, 'Dazzling', 'Lichterman', 15, 1),
( 375, 'Keen', 'Spence', 8, 31),
( 376, 'Keen', 'Chatterjee', 7, 20),
( 377, 'Sleepy', 'Faraday', 11, 5),
( 378, 'Boring', 'Proskuriakova', 6, 15),
( 379, 'Upbeat', 'Gould', 1, 50),
( 380, 'Elastic', 'Elion', 9, 9),
( 381, 'Practical', 'Euclid', 12, 17),
( 382, 'Trusting', 'Hugle', 4, 47),
( 383, 'Modest', 'Panini', 18, 15),
( 384, 'Sweet', 'Spence', 4, 37),
( 385, 'Frosty', 'Maxwell', 1, 45),
( 386, 'Elastic', 'Archimedes', 3, 32),
( 387, 'Ecstatic', 'Faraday', 2, 46),
( 388, 'Unruffled', 'Liskov', 13, 40),
( 389, 'Funny', 'Grothendieck', 3, 50),
( 390, 'Determined', 'Hodgkin', 12, 41),
( 391, 'Zealous', 'Dubinsky', 4, 25),
( 392, 'Heuristic', 'Hoover', 5, 41),
( 393, 'Festive', 'Pike', 12, 27),
( 394, 'Great', 'Antonelli', 7, 49),
( 395, 'Affectionate', 'Neumann', 7, 28),
( 396, 'Relaxed', 'Pare', 17, 10),
( 397, 'Jovial', 'Hypatia', 6, 30),
( 398, 'Sharp', 'Montalcini', 4, 37),
( 399, 'Charming', 'Antonelli', 14, 22),
( 400, 'Jolly', 'Morse', 20, 27),
( 401, 'Naughty', 'Borg', 13, 21),
( 402, 'Clever', 'Albattani', 1, 18),
( 403, 'Optimistic', 'Fermi', 13, 19),
( 404, 'Sleepy', 'Jepsen', 4, 45),
( 405, 'Upbeat', 'Gauss', 20, 14),
( 406, 'Nifty', 'Cartwright', 10, 19),
( 407, 'Elastic', 'Swanson', 9, 41),
( 408, 'Boring', 'Dewdney', 11, 8),
( 409, 'Elegant', 'Cohen', 1, 17),
( 410, 'Loving', 'Noether', 6, 9),
( 411, 'Upbeat', 'Bhabha', 16, 40),
( 412, 'Zen', 'Heisenberg', 1, 43),
( 413, 'Boring', 'Euler', 20, 33),
( 414, 'Admiring', 'Franklin', 10, 37),
( 415, 'Distracted', 'Burnell', 3, 20),
( 416, 'Goofy', 'Liskov', 5, 38),
( 417, 'Eloquent', 'Napier', 2, 5),
( 418, 'Sweet', 'Chaplygin', 11, 12),
( 419, 'Agitated', 'Lamport', 2, 5),
( 420, 'Peaceful', 'Varahamihira', 12, 44),
( 421, 'Cranky', 'Wu', 11, 14),
( 422, 'Eager', 'Cerf', 18, 45),
( 423, 'Goofy', 'Dhawan', 18, 30),
( 424, 'Musing', 'Wilbur', 5, 40),
( 425, 'Ecstatic', 'Hermann', 14, 5),
( 426, 'Stoic', 'Bardeen', 14, 23),
( 427, 'Happy', 'Bassi', 1, 40),
( 428, 'Awesome', 'Moore', 17, 32),
( 429, 'Flamboyant', 'Heyrovsky', 2, 7),
( 430, 'Compassionate', 'Curran', 3, 21),
( 431, 'Modest', 'Mcnulty', 10, 6),
( 432, 'Nifty', 'Hertz', 7, 19),
( 433, 'Charming', 'Lalande', 2, 28),
( 434, 'Bold', 'Spence', 0, 36),
( 435, 'Blissful', 'Ishizaka', 10, 16),
( 436, 'Angry', 'Clarke', 18, 22),
( 437, 'Charming', 'Albattani', 7, 22),
( 438, 'Sad', 'Fermi', 18, 46),
( 439, 'Reverent', 'Wozniak', 11, 36),
( 440, 'Admiring', 'Poincare', 2, 17),
( 441, 'Lucid', 'Bardeen', 10, 43),
( 442, 'Pedantic', 'Chatterjee', 13, 45),
( 443, 'Silly', 'Napier', 18, 35),
( 444, 'Blissful', 'Rosalind', 3, 24),
( 445, 'Vibrant', 'Swanson', 16, 26),
( 446, 'Serene', 'Hopper', 3, 48),
( 447, 'Nervous', 'Benz', 2, 31),
( 448, 'Reverent', 'Feynman', 12, 2),
( 449, 'Elegant', 'Lamarr', 4, 23),
( 450, 'Pensive', 'Darwin', 6, 26),
( 451, 'Adoring', 'Goldwasser', 2, 4),
( 452, 'Happy', 'Meninsky', 12, 29),
( 453, 'Elated', 'Matsumoto', 3, 18),
( 454, 'Pedantic', 'Goldwasser', 3, 47),
( 455, 'Frosty', 'Euclid', 2, 18),
( 456, 'Compassionate', 'Germain', 11, 34),
( 457, 'Brave', 'Wing', 4, 36),
( 458, 'Sad', 'Antonelli', 10, 2),
( 459, 'Silly', 'Vaughan', 2, 2),
( 460, 'Kind', 'Swanson', 18, 40),
( 461, 'Objective', 'Wilson', 2, 24),
( 462, 'Hardcore', 'Cray', 3, 31),
( 463, 'Unruffled', 'Volhard', 12, 34),
( 464, 'Goofy', 'Noyce', 3, 45),
( 465, 'Eloquent', 'Cannon', 17, 27),
( 466, 'Crazy', 'Wilson', 2, 22),
( 467, 'Upbeat', 'Napier', 14, 15),
( 468, 'Sad', 'Brahmagupta', 12, 44),
( 469, 'Gifted', 'Hopper', 11, 43),
( 470, 'Great', 'Buck', 13, 3),
( 471, 'Friendly', 'Matsumoto', 11, 3),
( 472, 'Frosty', 'Neumann', 8, 40),
( 473, 'Serene', 'Volhard', 16, 33),
( 474, 'Sweet', 'Zhukovsky', 10, 39),
( 475, 'Gifted', 'Moser', 9, 13),
( 476, 'Stupefied', 'Rubin', 3, 33),
( 477, 'Confident', 'Wilson', 3, 42),
( 478, 'Goofy', 'Sanderson', 6, 23),
( 479, 'Keen', 'Euclid', 13, 30),
( 480, 'Youthful', 'Mirzakhani', 6, 18),
( 481, 'Compassionate', 'Saha', 4, 22),
( 482, 'Kind', 'Diffie', 5, 2),
( 483, 'Funny', 'Lumiere', 19, 50),
( 484, 'Wonderful', 'Bose', 10, 48),
( 485, 'Sharp', 'Wu', 13, 50),
( 486, 'Heuristic', 'Thompson', 18, 9),
( 487, 'Tender', 'Feistel', 2, 25),
( 488, 'Wonderful', 'Hawking', 8, 45),
( 489, 'Admiring', 'Wright', 10, 29),
( 490, 'Agitated', 'Dhawan', 14, 40),
( 491, 'Practical', 'Chatterjee', 8, 49),
( 492, 'Busy', 'Panini', 3, 24),
( 493, 'Strange', 'Bardeen', 12, 30),
( 494, 'Vigilant', 'Mcclintock', 4, 15),
( 495, 'Hopeful', 'Hodgkin', 4, 49),
( 496, 'Ecstatic', 'Haibt', 2, 18),
( 497, 'Crazy', 'Roentgen', 13, 3),
( 498, 'Vigilant', 'Nash', 10, 23),
( 499, 'Upbeat', 'Borg', 0, 20),
( 500, 'Flamboyant', 'Nobel', 4, 49);