-- seed the database with departments, roles, and employees -- 
INSERT INTO department (id, name)
VALUES 
( 1, 'Marketing' ),
( 2, 'Finance' ),
( 3, 'Operations Management' ),
( 4, 'Human Resources' ),
( 5, 'IT' );

INSERT INTO role (id, title, salary, department_id)
VALUES
( 1, 'Marketing Specialist', 84326, 1 ),
( 2, 'Marketing Manager', 47526, 1 ),
( 3, 'Marketing Director', 64817, 1 ),
( 4, 'Graphic Designer', 91454, 1 ),
( 5, 'Marketing Research Analyst', 71491, 1 ),
( 6, 'Marketing Communications Manager', 84425, 1 ),
( 7, 'Marketing Consultant', 69773, 1 ),
( 8, 'Product Manager', 91275, 1 ),
( 9, 'Public Relations', 84259, 1 ),
( 10, 'Social Media Assistant', 68169, 1 ),
( 11, 'Brand Manager', 74300, 1 ),
( 12, 'SEO Manager', 77399, 1 ),
( 13, 'Content Marketing Manager', 64506, 1 ),
( 14, 'Copywriter', 68550, 1 ),
( 15, 'Media Buyer', 70157, 1 ),
( 16, 'Digital Marketing Manager', 75902, 1 ),
( 17, 'eCommerce Marketing Specialist', 45451, 1 ),
( 18, 'Brand Strategist', 83478, 1 ),
( 19, 'Vice President of Marketing', 86002, 1 ),
( 20, 'Media Relations Coordinator', 54717, 1 ),
( 21, 'Operations Manager', 84634, 3 ),
( 22, 'Operations Assistant', 82676, 3 ),
( 23, 'Operations Coordinator', 104830, 3 ),
( 24, 'Operations Analyst', 117117, 3 ),
( 25, 'Operations Director', 89696, 3 ),
( 26, 'Vice President of Operations', 144513, 3 ),
( 27, 'Operations Professional', 164380, 3 ),
( 28, 'Scrum Master', 125932, 3 ),
( 29, 'Continuous Improvement Lead', 179773, 3 ),
( 30, 'Continuous Improvement Consultant', 190960, 3 ),
( 31, 'Credit Authorizer', 161031, 2 ),
( 32, 'Benefits Manager', 136211, 2 ),
( 33, 'Credit Counselor', 135038, 2 ),
( 34, 'Accountant', 74739, 2 ),
( 35, 'Bookkeeper', 130637, 2 ),
( 36, 'Accounting Analyst', 124177, 2 ),
( 37, 'Accounting Director', 91923, 2 ),
( 38, 'Accounts Payable/Receivable Clerk', 76053, 2 ),
( 39, 'Auditor', 54247, 2 ),
( 40, 'Budget Analyst', 59953, 2 ),
( 41, 'Controller', 165888, 2 ),
( 42, 'Financial Analyst', 143609, 2 ),
( 43, 'Finance Manager', 130608, 2 ),
( 44, 'Economist', 119477, 2 ),
( 45, 'Payroll Manager', 154024, 2 ),
( 46, 'Payroll Clerk', 128654, 2 ),
( 47, 'Financial Planner', 167411, 2 ),
( 48, 'Financial Services Representative', 66189, 2 ),
( 49, 'Finance Director', 135934, 2 ),
( 50, 'Commercial Loan Officer', 97688, 2 ),
( 51, 'Human Resources', 67460, 4 ),
( 52, 'Office Assistant', 68797, 4 ),
( 53, 'Secretary', 83354, 4 ),
( 54, 'Office Clerk', 50788, 4 ),
( 55, 'File Clerk', 56409, 4 ),
( 56, 'Account Collector', 58146, 4 ),
( 57, 'Administrative Specialist', 83240, 4 ),
( 58, 'Executive Assistant', 71835, 4 ),
( 59, 'Program Administrator', 91689, 4 ),
( 60, 'Program Manager', 80829, 4 ),
( 61, 'Administrative Analyst', 63664, 4 ),
( 62, 'Data Entry', 59809, 4 ),
( 63, 'Computer Scientist', 54263, 5 ),
( 64, 'IT Professional', 81207, 5 ),
( 65, 'UX Designer & UI Developer', 113361, 5 ),
( 66, 'SQL Developer', 91366, 5 ),
( 67, 'Web Designer', 141716, 5 ),
( 68, 'Web Developer', 61797, 5 ),
( 69, 'Help Desk Worker/Desktop Support', 95565, 5 ),
( 70, 'Software Engineer', 185360, 5 ),
( 71, 'Data Entry', 154365, 4 ),
( 72, 'DevOps Engineer', 67214, 5 ),
( 73, 'Computer Programmer', 75882, 5 ),
( 74, 'Network Administrator', 164431, 5 ),
( 75, 'Information Security Analyst', 116622, 5 ),
( 76, 'Artificial Intelligence Engineer', 71588, 5 ),
( 77, 'Cloud Architect', 137559, 5 ),
( 78, 'IT Manager', 63359, 5 ),
( 79, 'Technical Specialist', 176652, 5 ),
( 80, 'Application Developer', 125070, 5 ),
( 81, 'Chief Technology Officer (CTO)', 140833, 5 ),
( 82, 'Chief Information Officer (CIO)', 84543, 5 );


INSERT INTO employee (id, first_name, last_name, role_id, manager_id)
VALUES
( 1, 'Nifty', 'Bell', 30, NULL),
( 2, 'Strange', 'Albattani', 30, NULL),
( 3, 'Funny', 'Wu', 30, NULL),
( 4, 'Nice', 'Lewin', 23, NULL),
( 5, 'Brave', 'Perlman', 30, NULL),
( 6, 'Focused', 'Ardinghelli', 21, NULL),
( 7, 'Sad', 'Wiles', 25, NULL),
( 8, 'Naughty', 'Cerf', 30, NULL),
( 9, 'Sleepy', 'Grothendieck', 28, NULL),
( 10, 'Compassionate', 'Swirles', 28, NULL),
( 11, 'Exciting', 'Shamir', 29, NULL),
( 12, 'Recursing', 'Feynman', 23, NULL),
( 13, 'Upbeat', 'Chandrasekhar', 22, NULL),
( 14, 'Condescending', 'Lumiere', 29, NULL),
( 15, 'Nervous', 'Varahamihira', 25, NULL),
( 16, 'Nice', 'Chatterjee', 27, NULL),
( 17, 'Fervent', 'Williams', 27, NULL),
( 18, 'Epic', 'Clarke', 25, NULL),
( 19, 'Kind', 'Lumiere', 20, NULL),
( 20, 'Wonderful', 'Ganguly', 24, NULL),
( 21, 'Kind', 'Villani', 26, NULL),
( 22, 'Cool', 'Hofstadter', 23, NULL),
( 23, 'Serene', 'Turing', 22, NULL),
( 24, 'Suspicious', 'Wing', 21, NULL),
( 25, 'Admiring', 'Burnell', 30, NULL),
( 26, 'Upbeat', 'Germain', 26, NULL),
( 27, 'Awesome', 'Kepler', 29, NULL),
( 28, 'Interesting', 'Varahamihira', 24, NULL),
( 29, 'Strange', 'Saha', 20, NULL),
( 30, 'Hungry', 'Lewin', 24, NULL),
( 31, 'Cool', 'Rosalind', 26, NULL),
( 32, 'Focused', 'Kare', 28, NULL),
( 33, 'Amazing', 'Mendeleev', 26, NULL),
( 34, 'Tender', 'Diffie', 22, NULL),
( 35, 'Lucid', 'Elgamal', 23, NULL),
( 36, 'Gallant', 'Gauss', 27, NULL),
( 37, 'Sharp', 'Dirac', 22, NULL),
( 38, 'Hopeful', 'Wiles', 27, NULL),
( 39, 'Great', 'Darwin', 22, NULL),
( 40, 'Great', 'Leakey', 27, NULL),
( 41, 'Amazing', 'Thompson', 29, NULL),
( 42, 'Wonderful', 'Austin', 26, NULL),
( 43, 'Eager', 'Bassi', 25, NULL),
( 44, 'Interesting', 'Vaughan', 28, NULL),
( 45, 'Wonderful', 'Kapitsa', 26, NULL),
( 46, 'Hungry', 'Chatelet', 22, NULL),
( 47, 'Adoring', 'Newton', 26, NULL),
( 48, 'Optimistic', 'Ardinghelli', 28, NULL),
( 49, 'Sad', 'Shirley', 27, NULL),
( 50, 'Nostalgic', 'Jones', 3, NULL),
( 51, 'Laughing', 'Gould', 11, 3),
( 52, 'Nervous', 'Knuth', 58, 35),
( 53, 'Kind', 'Banzai', 43, 14),
( 54, 'Ecstatic', 'Greider', 57, 15),
( 55, 'Quirky', 'Blackburn', 16, 22),
( 56, 'Funny', 'Hertz', 12, 29),
( 57, 'Loving', 'Ptolemy', 35, 14),
( 58, 'Loving', 'Fermi', 55, 17),
( 59, 'Thirsty', 'Ellis', 3, 49),
( 60, 'Tender', 'Poitras', 45, 39),
( 61, 'Dreamy', 'Jones', 16, 21),
( 62, 'Jolly', 'Franklin', 56, 29),
( 63, 'Hungry', 'Feistel', 69, 16),
( 64, 'Ecstatic', 'Mclaren', 61, 28),
( 65, 'Stupefied', 'Mclean', 2, 5),
( 66, 'Practical', 'Mahavira', 1, 27),
( 67, 'Sweet', 'Nash', 78, 14),
( 68, 'Gallant', 'Edison', 79, 26),
( 69, 'Great', 'Beaver', 38, 20),
( 70, 'Frosty', 'Einstein', 78, 7),
( 71, 'Dazzling', 'Germain', 33, 44),
( 72, 'Adoring', 'Euclid', 7, 21),
( 73, 'Busy', 'Bose', 20, 28),
( 74, 'Sleepy', 'Hermann', 11, 27),
( 75, 'Great', 'Wozniak', 79, 20),
( 76, 'Distracted', 'Einstein', 74, 18),
( 77, 'Intelligent', 'Jemison', 12, 4),
( 78, 'Mystifying', 'Heisenberg', 55, 10),
( 79, 'Pensive', 'Pascal', 60, 3),
( 80, 'Objective', 'Engelbart', 50, 30),
( 81, 'Funny', 'Varahamihira', 81, 19),
( 82, 'Recursing', 'Wing', 49, 4),
( 83, 'Beautiful', 'Boyd', 68, 44),
( 84, 'Adoring', 'Chandrasekhar', 54, 27),
( 85, 'Magical', 'Roentgen', 52, 18),
( 86, 'Sweet', 'Goldberg', 40, 44),
( 87, 'Nervous', 'Raman', 51, 49),
( 88, 'Recursing', 'Proskuriakova', 81, 16),
( 89, 'Tender', 'Cohen', 4, 46),
( 90, 'Elated', 'Euler', 68, 12),
( 91, 'Boring', 'Babbage', 34, 37),
( 92, 'Distracted', 'Murdock', 47, 13),
( 93, 'Awesome', 'Kowalevski', 75, 1),
( 94, 'Pensive', 'Borg', 58, 30),
( 95, 'Tender', 'Poitras', 52, 35),
( 96, 'Pedantic', 'Panini', 36, 42),
( 97, 'Vibrant', 'Morse', 4, 38),
( 98, 'Modest', 'Elgamal', 48, 32),
( 99, 'Elegant', 'Leakey', 5, 46),
( 100, 'Heuristic', 'Germain', 60, 29),
( 101, 'Flamboyant', 'Cartwright', 4, 16),
( 102, 'Trusting', 'Williams', 13, 4),
( 103, 'Festive', 'Antonelli', 78, 41),
( 104, 'Vigilant', 'Newton', 62, 29),
( 105, 'Sweet', 'Neumann', 15, 5),
( 106, 'Peaceful', 'Feistel', 58, 8),
( 107, 'Mystifying', 'Nightingale', 70, 7),
( 108, 'Flamboyant', 'Hamilton', 67, 24),
( 109, 'Recursing', 'Wilson', 77, 4),
( 110, 'Determined', 'Tu', 7, 6),
( 111, 'Optimistic', 'Wright', 55, 23),
( 112, 'Quirky', 'Napier', 56, 33),
( 113, 'Determined', 'Khayyam', 47, 41),
( 114, 'Quirky', 'Kapitsa', 76, 4),
( 115, 'Optimistic', 'Wilson', 7, 28),
( 116, 'Upbeat', 'Curie', 76, 14),
( 117, 'Elated', 'Noyce', 3, 24),
( 118, 'Gracious', 'Tharp', 39, 31),
( 119, 'Vigorous', 'Bouman', 63, 6),
( 120, 'Nostalgic', 'Heyrovsky', 55, 38),
( 121, 'Zealous', 'Shirley', 15, 11),
( 122, 'Gallant', 'Hellman', 42, 47),
( 123, 'Ecstatic', 'Saha', 47, 32),
( 124, 'Eager', 'Clarke', 82, 5),
( 125, 'Ecstatic', 'Black', 8, 46),
( 126, 'Zen', 'Rubin', 42, 43),
( 127, 'Keen', 'Aryabhata', 2, 20),
( 128, 'Angry', 'Rosalind', 56, 13),
( 129, 'Zealous', 'Mestorf', 53, 12),
( 130, 'Quirky', 'Einstein', 64, 41),
( 131, 'Elastic', 'Yalow', 5, 16),
( 132, 'Infallible', 'Volhard', 39, 28),
( 133, 'Optimistic', 'Kepler', 71, 24),
( 134, 'Kind', 'Wu', 61, 46),
( 135, 'Quizzical', 'Tu', 31, 25),
( 136, 'Beautiful', 'Hoover', 7, 16),
( 137, 'Sad', 'Brown', 10, 27),
( 138, 'Friendly', 'Cray', 31, 46),
( 139, 'Unruffled', 'Bhaskara', 34, 19),
( 140, 'Vigorous', 'Morse', 13, 44),
( 141, 'Elated', 'Napier', 61, 40),
( 142, 'Distracted', 'Cohen', 56, 10),
( 143, 'Awesome', 'Montalcini', 82, 32),
( 144, 'Vibrant', 'Poitras', 50, 27),
( 145, 'Determined', 'Mahavira', 47, 18),
( 146, 'Hopeful', 'Khayyam', 19, 42),
( 147, 'Sharp', 'Chatterjee', 50, 46),
( 148, 'Romantic', 'Bhabha', 11, 19),
( 149, 'Nifty', 'Nash', 3, 49),
( 150, 'Mystifying', 'Chaum', 59, 4),
( 151, 'Goofy', 'Ramanujan', 7, 32),
( 152, 'Funny', 'Merkle', 12, 44),
( 153, 'Focused', 'Dubinsky', 37, 20),
( 154, 'Zealous', 'Sanderson', 50, 49),
( 155, 'Affectionate', 'Johnson', 32, 8),
( 156, 'Serene', 'Boyd', 74, 36),
( 157, 'Kind', 'Nash', 57, 34),
( 158, 'Flamboyant', 'Rubin', 4, 26),
( 159, 'Crazy', 'Germain', 30, 14),
( 160, 'Vigorous', 'Moore', 56, 12),
( 161, 'Friendly', 'Hertz', 39, 44),
( 162, 'Epic', 'Moore', 47, 20),
( 163, 'Elastic', 'Euler', 58, 8),
( 164, 'Suspicious', 'Cray', 17, 35),
( 165, 'Thirsty', 'Snyder', 54, 14),
( 166, 'Boring', 'Heyrovsky', 19, 12),
( 167, 'Hardcore', 'Gauss', 52, 6),
( 168, 'Vigorous', 'Benz', 74, 45),
( 169, 'Naughty', 'Torvalds', 11, 22),
( 170, 'Sharp', 'Gauss', 62, 24),
( 171, 'Dreamy', 'Maxwell', 20, 18),
( 172, 'Upbeat', 'Panini', 36, 9),
( 173, 'Confident', 'Bose', 58, 45),
( 174, 'Gifted', 'Kirch', 32, 3),
( 175, 'Gallant', 'Panini', 56, 20),
( 176, 'Gracious', 'Hertz', 10, 1),
( 177, 'Affectionate', 'Albattani', 63, 25),
( 178, 'Adoring', 'Morse', 49, 48),
( 179, 'Kind', 'Kilby', 73, 11),
( 180, 'Hungry', 'Cray', 10, 43),
( 181, 'Silly', 'Visvesvaraya', 52, 37),
( 182, 'Great', 'Shirley', 60, 33),
( 183, 'Silly', 'Galois', 41, 49),
( 184, 'Romantic', 'Stonebraker', 15, 21),
( 185, 'Xenodochial', 'Murdock', 77, 2),
( 186, 'Boring', 'Ramanujan', 51, 16),
( 187, 'Affectionate', 'Moore', 30, 29),
( 188, 'Interesting', 'Mclaren', 41, 1),
( 189, 'Intelligent', 'Germain', 57, 43),
( 190, 'Pedantic', 'Villani', 43, 26),
( 191, 'Relaxed', 'Tharp', 50, 17),
( 192, 'Wonderful', 'Hellman', 75, 23),
( 193, 'Youthful', 'Pare', 41, 37),
( 194, 'Festive', 'Hawking', 30, 8),
( 195, 'Vigilant', 'Liskov', 58, 24),
( 196, 'Gracious', 'Goodall', 46, 29),
( 197, 'Modest', 'Jepsen', 4, 21),
( 198, 'Blissful', 'Lewin', 58, 7),
( 199, 'Gracious', 'Robinson', 75, 8),
( 200, 'Distracted', 'Pike', 35, 34),
( 201, 'Tender', 'Hellman', 38, 14),
( 202, 'Charming', 'Germain', 51, 28),
( 203, 'Quizzical', 'Sanderson', 9, 6),
( 204, 'Flamboyant', 'Bhabha', 69, 39),
( 205, 'Modest', 'Napier', 35, 10),
( 206, 'Awesome', 'Mendeleev', 46, 8),
( 207, 'Compassionate', 'Faraday', 10, 10),
( 208, 'Unruffled', 'Tharp', 31, 7),
( 209, 'Clever', 'Sutherland', 70, 42),
( 210, 'Hardcore', 'Swirles', 57, 42),
( 211, 'Elastic', 'Volhard', 42, 39),
( 212, 'Crazy', 'Aryabhata', 50, 40),
( 213, 'Objective', 'Sanderson', 58, 25),
( 214, 'Silly', 'Cray', 64, 42),
( 215, 'Jolly', 'Villani', 2, 41),
( 216, 'Dazzling', 'Davinci', 82, 41),
( 217, 'Vigilant', 'Mirzakhani', 8, 39),
( 218, 'Stoic', 'Noyce', 19, 40),
( 219, 'Romantic', 'Bhabha', 57, 26),
( 220, 'Objective', 'Ardinghelli', 33, 13),
( 221, 'Keen', 'Elgamal', 49, 44),
( 222, 'Exciting', 'Hellman', 16, 25),
( 223, 'Dazzling', 'Aryabhata', 40, 2),
( 224, 'Dreamy', 'Dirac', 58, 4),
( 225, 'Agitated', 'Bartik', 62, 7),
( 226, 'Brave', 'Euclid', 60, 11),
( 227, 'Youthful', 'Shaw', 45, 40),
( 228, 'Competent', 'Matsumoto', 62, 17),
( 229, 'Magical', 'Tharp', 64, 47),
( 230, 'Intelligent', 'Blackwell', 20, 44),
( 231, 'Hopeful', 'Aryabhata', 38, 45),
( 232, 'Mystifying', 'Matsumoto', 57, 18),
( 233, 'Agitated', 'Chaum', 45, 19),
( 234, 'Competent', 'Mayer', 56, 6),
( 235, 'Zealous', 'Bhaskara', 78, 2),
( 236, 'Dazzling', 'Allen', 60, 33),
( 237, 'Gallant', 'Lewin', 39, 16),
( 238, 'Sharp', 'Wilson', 59, 1),
( 239, 'Condescending', 'Goldberg', 67, 5),
( 240, 'Eager', 'Benz', 82, 36),
( 241, 'Relaxed', 'Pike', 54, 19),
( 242, 'Fervent', 'Bartik', 10, 26),
( 243, 'Determined', 'Hoover', 11, 47),
( 244, 'Focused', 'Hodgkin', 68, 28),
( 245, 'Objective', 'Feynman', 59, 24),
( 246, 'Ecstatic', 'Heisenberg', 8, 12),
( 247, 'Hopeful', 'Buck', 51, 9),
( 248, 'Recursing', 'Montalcini', 9, 43),
( 249, 'Wizardly', 'Swanson', 74, 23),
( 250, 'Nervous', 'Yonath', 73, 10),
( 251, 'Dreamy', 'Joliot', 78, 46),
( 252, 'Modest', 'Archimedes', 76, 41),
( 253, 'Youthful', 'Mendel', 13, 22),
( 254, 'Keen', 'Mccarthy', 81, 9),
( 255, 'Mystifying', 'Turing', 66, 49),
( 256, 'Xenodochial', 'Goodall', 4, 19),
( 257, 'Naughty', 'Shtern', 57, 50),
( 258, 'Recursing', 'Rosalind', 8, 20),
( 259, 'Relaxed', 'Poincare', 44, 14),
( 260, 'Bold', 'Mayer', 51, 11),
( 261, 'Amazing', 'Matsumoto', 77, 20),
( 262, 'Amazing', 'Margulis', 57, 50),
( 263, 'Adoring', 'Burnell', 43, 9),
( 264, 'Sweet', 'Cerf', 50, 49),
( 265, 'Nostalgic', 'Ishizaka', 11, 3),
( 266, 'Friendly', 'Elgamal', 12, 3),
( 267, 'Gracious', 'Satoshi', 72, 50),
( 268, 'Vigilant', 'Rhodes', 32, 22),
( 269, 'Quizzical', 'Villani', 31, 1),
( 270, 'Elegant', 'Northcutt', 1, 4),
( 271, 'Interesting', 'Wright', 71, 41),
( 272, 'Gallant', 'Lumiere', 3, 15),
( 273, 'Xenodochial', 'Dirac', 57, 45),
( 274, 'Hardcore', 'Dubinsky', 56, 48),
( 275, 'Objective', 'Lichterman', 58, 39),
( 276, 'Flamboyant', 'Hawking', 81, 2),
( 277, 'Competent', 'Solomon', 41, 7),
( 278, 'Objective', 'Moore', 20, 43),
( 279, 'Cranky', 'Hoover', 48, 1),
( 280, 'Interesting', 'Keldysh', 20, 39),
( 281, 'Hardcore', 'Proskuriakova', 64, 9),
( 282, 'Beautiful', 'Tereshkova', 79, 10),
( 283, 'Lucid', 'Tesla', 50, 6),
( 284, 'Elegant', 'Bartik', 64, 30),
( 285, 'Tender', 'Euclid', 58, 20),
( 286, 'Suspicious', 'Meninsky', 67, 18),
( 287, 'Eloquent', 'Diffie', 48, 2),
( 288, 'Keen', 'Edison', 54, 30),
( 289, 'Kind', 'Mahavira', 7, 23),
( 290, 'Vigorous', 'Jepsen', 65, 8),
( 291, 'Practical', 'Montalcini', 63, 36),
( 292, 'Peaceful', 'Banzai', 64, 7),
( 293, 'Jovial', 'Elbakyan', 2, 37),
( 294, 'Naughty', 'Golick', 7, 30),
( 295, 'Intelligent', 'Rubin', 65, 10),
( 296, 'Cranky', 'Tesla', 50, 10),
( 297, 'Charming', 'Wiles', 35, 41),
( 298, 'Epic', 'Murdock', 32, 11),
( 299, 'Gifted', 'Wiles', 74, 20),
( 300, 'Vigorous', 'Austin', 58, 33),
( 301, 'Optimistic', 'Brown', 33, 8),
( 302, 'Intelligent', 'Proskuriakova', 6, 34),
( 303, 'Suspicious', 'Goldstine', 1, 22),
( 304, 'Epic', 'Liskov', 37, 3),
( 305, 'Hardcore', 'Bassi', 54, 20),
( 306, 'Compassionate', 'Shamir', 61, 25),
( 307, 'Condescending', 'Hopper', 37, 3),
( 308, 'Relaxed', 'Cohen', 31, 6),
( 309, 'Lucid', 'Kalam', 41, 16),
( 310, 'Charming', 'Torvalds', 61, 27),
( 311, 'Modest', 'Mccarthy', 41, 48),
( 312, 'Ecstatic', 'Jemison', 51, 44),
( 313, 'Dreamy', 'Diffie', 81, 46),
( 314, 'Quizzical', 'Curran', 77, 3),
( 315, 'Beautiful', 'Babbage', 73, 34),
( 316, 'Bold', 'Engelbart', 34, 15),
( 317, 'Jolly', 'Sanderson', 45, 1),
( 318, 'Vigorous', 'Greider', 14, 23),
( 319, 'Goofy', 'Bhabha', 33, 11),
( 320, 'Busy', 'Villani', 49, 9),
( 321, 'Goofy', 'Roentgen', 20, 16),
( 322, 'Tender', 'Montalcini', 41, 26),
( 323, 'Strange', 'Gates', 46, 41),
( 324, 'Nifty', 'Allen', 71, 15),
( 325, 'Condescending', 'Torvalds', 55, 7),
( 326, 'Lucid', 'Feistel', 54, 18),
( 327, 'Thirsty', 'Dijkstra', 81, 47),
( 328, 'Affectionate', 'Yonath', 35, 25),
( 329, 'Festive', 'Black', 19, 10),
( 330, 'Nifty', 'Cori', 34, 25),
( 331, 'Nostalgic', 'Turing', 1, 32),
( 332, 'Angry', 'Carson', 5, 1),
( 333, 'Youthful', 'Hamilton', 8, 2),
( 334, 'Determined', 'Elgamal', 6, 8),
( 335, 'Cranky', 'Fermi', 15, 33),
( 336, 'Xenodochial', 'Mclean', 63, 28),
( 337, 'Elastic', 'Satoshi', 41, 42),
( 338, 'Quirky', 'Jepsen', 63, 4),
( 339, 'Practical', 'Edison', 30, 36),
( 340, 'Clever', 'Kepler', 52, 14),
( 341, 'Stupefied', 'Perlman', 14, 50),
( 342, 'Recursing', 'Jones', 60, 37),
( 343, 'Strange', 'Lamarr', 64, 17),
( 344, 'Elastic', 'Lehmann', 44, 11),
( 345, 'Crazy', 'Hodgkin', 13, 2),
( 346, 'Musing', 'Kepler', 4, 29),
( 347, 'Eloquent', 'Jones', 16, 33),
( 348, 'Zen', 'Shaw', 32, 34),
( 349, 'Focused', 'Bose', 2, 32),
( 350, 'Elegant', 'Elgamal', 51, 11),
( 351, 'Admiring', 'Tesla', 61, 46),
( 352, 'Hopeful', 'Williamson', 17, 24),
( 353, 'Kind', 'Rhodes', 14, 3),
( 354, 'Sweet', 'Hermann', 43, 37),
( 355, 'Musing', 'Nobel', 62, 14),
( 356, 'Amazing', 'Kapitsa', 7, 39),
( 357, 'Naughty', 'Carson', 3, 19),
( 358, 'Recursing', 'Lamport', 61, 32),
( 359, 'Funny', 'Wescoff', 67, 19),
( 360, 'Compassionate', 'Pascal', 32, 44),
( 361, 'Confident', 'Cartwright', 51, 15),
( 362, 'Romantic', 'Merkle', 67, 6),
( 363, 'Intelligent', 'Williams', 30, 2),
( 364, 'Nifty', 'Goodall', 49, 34),
( 365, 'Gifted', 'Dijkstra', 33, 24),
( 366, 'Musing', 'Bardeen', 7, 48),
( 367, 'Thirsty', 'Newton', 1, 9),
( 368, 'Elastic', 'Varahamihira', 43, 26),
( 369, 'Musing', 'Mendel', 30, 24),
( 370, 'Cranky', 'Curran', 82, 46),
( 371, 'Stoic', 'Colden', 2, 20),
( 372, 'Intelligent', 'Neumann', 78, 21),
( 373, 'Pedantic', 'Ardinghelli', 81, 18),
( 374, 'Musing', 'Nightingale', 56, 28),
( 375, 'Gallant', 'Darwin', 4, 47),
( 376, 'Keen', 'Snyder', 20, 6),
( 377, 'Gallant', 'Mclaren', 53, 50),
( 378, 'Crazy', 'Banzai', 3, 1),
( 379, 'Gallant', 'Hypatia', 49, 30),
( 380, 'Affectionate', 'Mirzakhani', 41, 40),
( 381, 'Gracious', 'Jepsen', 69, 19),
( 382, 'Competent', 'Mclean', 2, 30),
( 383, 'Vibrant', 'Chaplygin', 17, 29),
( 384, 'Keen', 'Murdock', 42, 28),
( 385, 'Dreamy', 'Goodall', 62, 33),
( 386, 'Festive', 'Edison', 35, 15),
( 387, 'Modest', 'Archimedes', 50, 25),
( 388, 'Exciting', 'Thompson', 20, 14),
( 389, 'Vigilant', 'Ganguly', 57, 33),
( 390, 'Intelligent', 'Albattani', 66, 35),
( 391, 'Cranky', 'Ishizaka', 19, 35),
( 392, 'Nostalgic', 'Pasteur', 70, 11),
( 393, 'Naughty', 'Haslett', 73, 24),
( 394, 'Xenodochial', 'Ride', 2, 2),
( 395, 'Zen', 'Ellis', 45, 16),
( 396, 'Tender', 'Cartwright', 38, 32),
( 397, 'Trusting', 'Ishizaka', 82, 38),
( 398, 'Objective', 'Edison', 51, 32),
( 399, 'Goofy', 'Keller', 65, 7),
( 400, 'Musing', 'Swartz', 13, 43),
( 401, 'Confident', 'Black', 35, 6),
( 402, 'Pedantic', 'Wu', 35, 46),
( 403, 'Vigorous', 'Cori', 67, 29),
( 404, 'Adoring', 'Booth', 36, 48),
( 405, 'Brave', 'Torvalds', 77, 9),
( 406, 'Amazing', 'Ardinghelli', 7, 23),
( 407, 'Vigilant', 'Raman', 43, 45),
( 408, 'Brave', 'Sanderson', 81, 39),
( 409, 'Trusting', 'Lalande', 54, 48),
( 410, 'Agitated', 'Joliot', 80, 22),
( 411, 'Strange', 'Nash', 62, 26),
( 412, 'Vibrant', 'Euler', 31, 16),
( 413, 'Laughing', 'Montalcini', 15, 9),
( 414, 'Charming', 'Johnson', 48, 45),
( 415, 'Angry', 'Wescoff', 52, 7),
( 416, 'Serene', 'Lederberg', 48, 35),
( 417, 'Jolly', 'Meninsky', 45, 47),
( 418, 'Keen', 'Tereshkova', 66, 43),
( 419, 'Wonderful', 'Raman', 81, 13),
( 420, 'Trusting', 'Beaver', 40, 42),
( 421, 'Suspicious', 'Albattani', 49, 46),
( 422, 'Sleepy', 'Rubin', 73, 8),
( 423, 'Busy', 'Grothendieck', 35, 43),
( 424, 'Trusting', 'Wescoff', 66, 33),
( 425, 'Sleepy', 'Lamarr', 68, 11),
( 426, 'Competent', 'Mclaren', 58, 50),
( 427, 'Youthful', 'Cohen', 49, 49),
( 428, 'Heuristic', 'Haibt', 10, 20),
( 429, 'Elegant', 'Mcclintock', 66, 20),
( 430, 'Agitated', 'Elion', 53, 37),
( 431, 'Beautiful', 'Haibt', 57, 6),
( 432, 'Fervent', 'Blackwell', 11, 13),
( 433, 'Elastic', 'Panini', 48, 25),
( 434, 'Elastic', 'Volhard', 18, 8),
( 435, 'Ecstatic', 'Yonath', 9, 33),
( 436, 'Lucid', 'Dubinsky', 6, 34),
( 437, 'Bold', 'Kare', 17, 37),
( 438, 'Cranky', 'Tu', 31, 18),
( 439, 'Amazing', 'Boyd', 31, 22),
( 440, 'Frosty', 'Cray', 47, 15),
( 441, 'Agitated', 'Goldwasser', 58, 22),
( 442, 'Adoring', 'Kapitsa', 16, 25),
( 443, 'Vigilant', 'Matsumoto', 4, 10),
( 444, 'Tender', 'Mcclintock', 46, 47),
( 445, 'Naughty', 'Jones', 37, 1),
( 446, 'Upbeat', 'Meninsky', 11, 9),
( 447, 'Beautiful', 'Gates', 74, 48),
( 448, 'Adoring', 'Jepsen', 61, 40),
( 449, 'Elated', 'Zhukovsky', 56, 21),
( 450, 'Funny', 'Bhaskara', 40, 3),
( 451, 'Intelligent', 'Nightingale', 50, 50),
( 452, 'Optimistic', 'Raman', 67, 43),
( 453, 'Silly', 'Diffie', 12, 40),
( 454, 'Strange', 'Villani', 18, 23),
( 455, 'Recursing', 'Burnell', 73, 42),
( 456, 'Modest', 'Ellis', 12, 45),
( 457, 'Competent', 'Shamir', 1, 5),
( 458, 'Silly', 'Stonebraker', 73, 36),
( 459, 'Interesting', 'Noyce', 31, 19),
( 460, 'Dreamy', 'Ishizaka', 79, 33),
( 461, 'Tender', 'Jepsen', 50, 25),
( 462, 'Stoic', 'Roentgen', 65, 24),
( 463, 'Confident', 'Cori', 53, 38),
( 464, 'Great', 'Galois', 53, 19),
( 465, 'Confident', 'Moore', 78, 45),
( 466, 'Blissful', 'Hamilton', 16, 3),
( 467, 'Jovial', 'Dirac', 69, 48),
( 468, 'Admiring', 'Sanderson', 60, 28),
( 469, 'Gifted', 'Ishizaka', 58, 46),
( 470, 'Funny', 'Napier', 53, 18),
( 471, 'Beautiful', 'Lovelace', 36, 18),
( 472, 'Nostalgic', 'Pasteur', 67, 27),
( 473, 'Jolly', 'Stonebraker', 67, 13),
( 474, 'Compassionate', 'Khorana', 54, 48),
( 475, 'Exciting', 'Kapitsa', 8, 6),
( 476, 'Festive', 'Margulis', 37, 40),
( 477, 'Hardcore', 'Mahavira', 16, 6),
( 478, 'Youthful', 'Elbakyan', 55, 5),
( 479, 'Infallible', 'Leakey', 50, 36),
( 480, 'Hopeful', 'Kalam', 81, 15),
( 481, 'Blissful', 'Dirac', 52, 47),
( 482, 'Objective', 'Joliot', 45, 25),
( 483, 'Angry', 'Almeida', 55, 44),
( 484, 'Tender', 'Cray', 58, 35),
( 485, 'Funny', 'Lalande', 9, 3),
( 486, 'Strange', 'Benz', 55, 7),
( 487, 'Admiring', 'Cori', 49, 12),
( 488, 'Brave', 'Beaver', 50, 44),
( 489, 'Zen', 'Feynman', 46, 49),
( 490, 'Modest', 'Burnell', 60, 34),
( 491, 'Pensive', 'Volhard', 34, 20),
( 492, 'Friendly', 'Kilby', 55, 45),
( 493, 'Affectionate', 'Hugle', 14, 2),
( 494, 'Intelligent', 'Cori', 46, 34),
( 495, 'Elated', 'Tharp', 47, 43),
( 496, 'Reverent', 'Elion', 53, 33),
( 497, 'Fervent', 'Bhabha', 48, 44),
( 498, 'Happy', 'Proskuriakova', 30, 37),
( 499, 'Blissful', 'Cohen', 36, 33),
( 500, 'Loving', 'Hoover', 11, 29);