INSERT INTO department (id, name)
VALUES 
( 1, 'Marketing' ),
( 2, 'Finance' ),
( 3, 'Operations Management' ),
( 4, 'Human Resources' ),
( 5, 'IT' );

INSERT INTO role (id, title, salary, department_id)
VALUES
( 1, 'Marketing Specialist', 84326, 1 ),
( 2, 'Marketing Manager', 47526, 1 ),
( 3, 'Marketing Director', 64817, 1 ),
( 4, 'Graphic Designer', 91454, 1 ),
( 5, 'Marketing Research Analyst', 71491, 1 ),
( 6, 'Marketing Communications Manager', 84425, 1 ),
( 7, 'Marketing Consultant', 69773, 1 ),
( 8, 'Product Manager', 91275, 1 ),
( 9, 'Public Relations', 84259, 1 ),
( 10, 'Social Media Assistant', 68169, 1 ),
( 11, 'Brand Manager', 74300, 1 ),
( 12, 'SEO Manager', 77399, 1 ),
( 13, 'Content Marketing Manager', 64506, 1 ),
( 14, 'Copywriter', 68550, 1 ),
( 15, 'Media Buyer', 70157, 1 ),
( 16, 'Digital Marketing Manager', 75902, 1 ),
( 17, 'eCommerce Marketing Specialist', 45451, 1 ),
( 18, 'Brand Strategist', 83478, 1 ),
( 19, 'Vice President of Marketing', 86002, 1 ),
( 20, 'Media Relations Coordinator', 54717, 1 ),
( 21, 'Operations Manager', 84634, 3 ),
( 22, 'Operations Assistant', 82676, 3 ),
( 23, 'Operations Coordinator', 104830, 3 ),
( 24, 'Operations Analyst', 117117, 3 ),
( 25, 'Operations Director', 89696, 3 ),
( 26, 'Vice President of Operations', 144513, 3 ),
( 27, 'Operations Professional', 164380, 3 ),
( 28, 'Scrum Master', 125932, 3 ),
( 29, 'Continuous Improvement Lead', 179773, 3 ),
( 30, 'Continuous Improvement Consultant', 190960, 3 ),
( 31, 'Credit Authorizer', 161031, 2 ),
( 32, 'Benefits Manager', 136211, 2 ),
( 33, 'Credit Counselor', 135038, 2 ),
( 34, 'Accountant', 74739, 2 ),
( 35, 'Bookkeeper', 130637, 2 ),
( 36, 'Accounting Analyst', 124177, 2 ),
( 37, 'Accounting Director', 91923, 2 ),
( 38, 'Accounts Payable/Receivable Clerk', 76053, 2 ),
( 39, 'Auditor', 54247, 2 ),
( 40, 'Budget Analyst', 59953, 2 ),
( 41, 'Controller', 165888, 2 ),
( 42, 'Financial Analyst', 143609, 2 ),
( 43, 'Finance Manager', 130608, 2 ),
( 44, 'Economist', 119477, 2 ),
( 45, 'Payroll Manager', 154024, 2 ),
( 46, 'Payroll Clerk', 128654, 2 ),
( 47, 'Financial Planner', 167411, 2 ),
( 48, 'Financial Services Representative', 66189, 2 ),
( 49, 'Finance Director', 135934, 2 ),
( 50, 'Commercial Loan Officer', 97688, 2 ),
( 51, 'Human Resources', 67460, 4 ),
( 52, 'Office Assistant', 68797, 4 ),
( 53, 'Secretary', 83354, 4 ),
( 54, 'Office Clerk', 50788, 4 ),
( 55, 'File Clerk', 56409, 4 ),
( 56, 'Account Collector', 58146, 4 ),
( 57, 'Administrative Specialist', 83240, 4 ),
( 58, 'Executive Assistant', 71835, 4 ),
( 59, 'Program Administrator', 91689, 4 ),
( 60, 'Program Manager', 80829, 4 ),
( 61, 'Administrative Analyst', 63664, 4 ),
( 62, 'Data Entry', 59809, 4 ),
( 63, 'Computer Scientist', 54263, 5 ),
( 64, 'IT Professional', 81207, 5 ),
( 65, 'UX Designer & UI Developer', 113361, 5 ),
( 66, 'SQL Developer', 91366, 5 ),
( 67, 'Web Designer', 141716, 5 ),
( 68, 'Web Developer', 61797, 5 ),
( 69, 'Help Desk Worker/Desktop Support', 95565, 5 ),
( 70, 'Software Engineer', 185360, 5 ),
( 71, 'Data Entry', 154365, 4 ),
( 72, 'DevOps Engineer', 67214, 5 ),
( 73, 'Computer Programmer', 75882, 5 ),
( 74, 'Network Administrator', 164431, 5 ),
( 75, 'Information Security Analyst', 116622, 5 ),
( 76, 'Artificial Intelligence Engineer', 71588, 5 ),
( 77, 'Cloud Architect', 137559, 5 ),
( 78, 'IT Manager', 63359, 5 ),
( 79, 'Technical Specialist', 176652, 5 ),
( 80, 'Application Developer', 125070, 5 ),
( 81, 'Chief Technology Officer (CTO)', 140833, 5 ),
( 82, 'Chief Information Officer (CIO)', 84543, 5 );


INSERT INTO employee (id, first_name, last_name, role_id, manager_id)
VALUES
( 1, 'Eager', 'Chatelet', 23, 19),
( 2, 'Eloquent', 'Sutherland', 20, 25),
( 3, 'Brave', 'Murdock', 20, 41),
( 4, 'Gifted', 'Lumiere', 23, 13),
( 5, 'Nice', 'Cori', 20, 43),
( 6, 'Epic', 'Liskov', 28, 15),
( 7, 'Gracious', 'Jepsen', 25, 24),
( 8, 'Funny', 'Sutherland', 23, 23),
( 9, 'Reverent', 'Carver', 20, 14),
( 10, 'Tender', 'Swirles', 22, 30),
( 11, 'Quizzical', 'Driscoll', 23, 46),
( 12, 'Happy', 'Sanderson', 20, 22),
( 13, 'Reverent', 'Faraday', 28, 15),
( 14, 'Eloquent', 'Feynman', 27, 46),
( 15, 'Stoic', 'Shtern', 30, 2),
( 16, 'Reverent', 'Bhabha', 30, 35),
( 17, 'Awesome', 'Brown', 24, 28),
( 18, 'Elegant', 'Mendeleev', 30, 17),
( 19, 'Stoic', 'Northcutt', 27, 27),
( 20, 'Lucid', 'Lumiere', 26, 48),
( 21, 'Youthful', 'Gould', 23, 6),
( 22, 'Optimistic', 'Bell', 27, 49),
( 23, 'Modest', 'Carson', 21, 43),
( 24, 'Dreamy', 'Matsumoto', 20, 14),
( 25, 'Relaxed', 'Blackwell', 20, 6),
( 26, 'Distracted', 'Yalow', 24, 43),
( 27, 'Clever', 'Hellman', 22, 14),
( 28, 'Flamboyant', 'Mccarthy', 20, 24),
( 29, 'Dreamy', 'Shockley', 21, 42),
( 30, 'Zen', 'Meitner', 23, 10),
( 31, 'Quirky', 'Cerf', 25, 50),
( 32, 'Vibrant', 'Jones', 27, 19),
( 33, 'Busy', 'Albattani', 24, 29),
( 34, 'Determined', 'Herschel', 26, 10),
( 35, 'Laughing', 'Haibt', 27, 46),
( 36, 'Modest', 'Cray', 25, 13),
( 37, 'Trusting', 'Cohen', 21, 26),
( 38, 'Festive', 'Kapitsa', 28, 17),
( 39, 'Brave', 'Jemison', 24, 11),
( 40, 'Keen', 'Margulis', 30, 20),
( 41, 'Elegant', 'Clarke', 24, 19),
( 42, 'Blissful', 'Sanderson', 21, 6),
( 43, 'Nervous', 'Bardeen', 25, 35),
( 44, 'Laughing', 'Chaum', 27, 33),
( 45, 'Elegant', 'Cori', 25, 22),
( 46, 'Condescending', 'Elbakyan', 29, 49),
( 47, 'Upbeat', 'Turing', 30, 20),
( 48, 'Practical', 'Kilby', 23, 15),
( 49, 'Vigilant', 'Chebyshev', 28, 6),
( 50, 'Musing', 'Hertz', 58, 28),
( 51, 'Adoring', 'Satoshi', 50, 6),
( 52, 'Optimistic', 'Williams', 16, 45),
( 53, 'Tender', 'Kapitsa', 47, 21),
( 54, 'Sleepy', 'Johnson', 10, 40),
( 55, 'Wonderful', 'Villani', 42, 2),
( 56, 'Fervent', 'Hugle', 69, 24),
( 57, 'Unruffled', 'Yonath', 16, 38),
( 58, 'Stupefied', 'Volhard', 40, 4),
( 59, 'Optimistic', 'Bassi', 40, 8),
( 60, 'Cranky', 'Sammet', 16, 8),
( 61, 'Serene', 'Meninsky', 17, 10),
( 62, 'Trusting', 'Pike', 65, 4),
( 63, 'Stoic', 'Chandrasekhar', 79, 24),
( 64, 'Keen', 'Banzai', 41, 20),
( 65, 'Hungry', 'Chaplygin', 57, 43),
( 66, 'Trusting', 'Fermi', 43, 10),
( 67, 'Awesome', 'Spence', 70, 28),
( 68, 'Intelligent', 'Babbage', 50, 45),
( 69, 'Sweet', 'Antonelli', 18, 28),
( 70, 'Recursing', 'Franklin', 79, 20),
( 71, 'Quizzical', 'Boyd', 11, 27),
( 72, 'Gracious', 'Chebyshev', 13, 22),
( 73, 'Competent', 'Darwin', 5, 27),
( 74, 'Thirsty', 'Greider', 34, 16),
( 75, 'Infallible', 'Banzai', 59, 30),
( 76, 'Gracious', 'Noether', 2, 14),
( 77, 'Wizardly', 'Bouman', 79, 24),
( 78, 'Gallant', 'Mendel', 58, 45),
( 79, 'Elated', 'Bhaskara', 42, 10),
( 80, 'Brave', 'Varahamihira', 63, 35),
( 81, 'Lucid', 'Borg', 76, 12),
( 82, 'Adoring', 'Edison', 20, 30),
( 83, 'Tender', 'Edison', 54, 29),
( 84, 'Admiring', 'Easley', 42, 24),
( 85, 'Cool', 'Kilby', 32, 40),
( 86, 'Frosty', 'Maxwell', 16, 31),
( 87, 'Hardcore', 'Colden', 49, 9),
( 88, 'Loving', 'Spence', 81, 26),
( 89, 'Competent', 'Driscoll', 79, 2),
( 90, 'Distracted', 'Keller', 60, 18),
( 91, 'Sweet', 'Easley', 59, 12),
( 92, 'Elegant', 'Newton', 40, 43),
( 93, 'Jolly', 'Mayer', 11, 6),
( 94, 'Peaceful', 'Dirac', 12, 19),
( 95, 'Kind', 'Margulis', 55, 39),
( 96, 'Flamboyant', 'Cohen', 70, 7),
( 97, 'Clever', 'Feistel', 10, 41),
( 98, 'Nostalgic', 'Hamilton', 1, 44),
( 99, 'Zen', 'Albattani', 11, 32),
( 100, 'Youthful', 'Jones', 65, 6),
( 101, 'Laughing', 'Burnell', 81, 28),
( 102, 'Friendly', 'Feynman', 59, 25),
( 103, 'Youthful', 'Mccarthy', 56, 42),
( 104, 'Agitated', 'Hawking', 56, 27),
( 105, 'Romantic', 'Yalow', 48, 6),
( 106, 'Frosty', 'Wiles', 54, 16),
( 107, 'Upbeat', 'Morse', 61, 19),
( 108, 'Nice', 'Lederberg', 79, 36),
( 109, 'Infallible', 'Lovelace', 83, 6),
( 110, 'Suspicious', 'Khorana', 1, 11),
( 111, 'Silly', 'Chaum', 20, 7),
( 112, 'Crazy', 'Greider', 3, 48),
( 113, 'Trusting', 'Boyd', 57, 50),
( 114, 'Fervent', 'Thompson', 49, 31),
( 115, 'Reverent', 'Williams', 16, 46),
( 116, 'Friendly', 'Keldysh', 42, 15),
( 117, 'Pedantic', 'Swartz', 41, 14),
( 118, 'Compassionate', 'Northcutt', 41, 24),
( 119, 'Sad', 'Wilson', 75, 46),
( 120, 'Festive', 'Northcutt', 59, 47),
( 121, 'Mystifying', 'Torvalds', 16, 19),
( 122, 'Gifted', 'Booth', 15, 1),
( 123, 'Jolly', 'Sammet', 72, 44),
( 124, 'Nice', 'Payne', 59, 41),
( 125, 'Vigorous', 'Keller', 44, 36),
( 126, 'Nostalgic', 'Saha', 34, 30),
( 127, 'Dreamy', 'Lumiere', 60, 47),
( 128, 'Naughty', 'Haibt', 58, 2),
( 129, 'Tender', 'Brattain', 82, 11),
( 130, 'Epic', 'Sanderson', 5, 8),
( 131, 'Quirky', 'Sutherland', 3, 27),
( 132, 'Festive', 'Visvesvaraya', 44, 48),
( 133, 'Musing', 'Archimedes', 60, 41),
( 134, 'Silly', 'Nash', 5, 32),
( 135, 'Optimistic', 'Davinci', 52, 3),
( 136, 'Festive', 'Wing', 35, 37),
( 137, 'Happy', 'Germain', 35, 40),
( 138, 'Elegant', 'Black', 75, 3),
( 139, 'Gifted', 'Carson', 57, 4),
( 140, 'Epic', 'Matsumoto', 52, 14),
( 141, 'Magical', 'Gates', 59, 24),
( 142, 'Blissful', 'Thompson', 79, 33),
( 143, 'Goofy', 'Swirles', 47, 38),
( 144, 'Modest', 'Engelbart', 48, 22),
( 145, 'Peaceful', 'Wozniak', 1, 49),
( 146, 'Goofy', 'Kare', 79, 27),
( 147, 'Sweet', 'Elion', 55, 40),
( 148, 'Great', 'Williamson', 10, 41),
( 149, 'Crazy', 'Bohr', 68, 10),
( 150, 'Awesome', 'Pike', 41, 6),
( 151, 'Determined', 'Napier', 55, 37),
( 152, 'Stoic', 'Albattani', 64, 17),
( 153, 'Blissful', 'Morse', 81, 44),
( 154, 'Clever', 'Mayer', 16, 31),
( 155, 'Hardcore', 'Franklin', 68, 45),
( 156, 'Dazzling', 'Blackwell', 37, 45),
( 157, 'Quirky', 'Carson', 45, 27),
( 158, 'Stupefied', 'Nobel', 78, 13),
( 159, 'Silly', 'Taussig', 16, 47),
( 160, 'Recursing', 'Taussig', 14, 42),
( 161, 'Dreamy', 'Curie', 59, 10),
( 162, 'Elegant', 'Cohen', 66, 38),
( 163, 'Modest', 'Brattain', 36, 37),
( 164, 'Strange', 'Euler', 8, 18),
( 165, 'Crazy', 'Montalcini', 55, 31),
( 166, 'Modest', 'Margulis', 6, 10),
( 167, 'Charming', 'Rubin', 75, 5),
( 168, 'Silly', 'Taussig', 35, 6),
( 169, 'Amazing', 'Engelbart', 4, 35),
( 170, 'Musing', 'Shtern', 76, 48),
( 171, 'Nifty', 'Khorana', 49, 15),
( 172, 'Tender', 'Jang', 43, 30),
( 173, 'Sharp', 'Johnson', 36, 46),
( 174, 'Serene', 'Heyrovsky', 6, 17),
( 175, 'Festive', 'Visvesvaraya', 13, 39),
( 176, 'Busy', 'Saha', 56, 25),
( 177, 'Angry', 'Swirles', 77, 29),
( 178, 'Exciting', 'Villani', 53, 33),
( 179, 'Boring', 'Lamarr', 38, 46),
( 180, 'Busy', 'Ritchie', 43, 34),
( 181, 'Keen', 'Keldysh', 67, 7),
( 182, 'Happy', 'Heisenberg', 63, 24),
( 183, 'Romantic', 'Elgamal', 60, 22),
( 184, 'Dreamy', 'Ellis', 2, 8),
( 185, 'Loving', 'Bhabha', 53, 9),
( 186, 'Focused', 'Poincare', 41, 11),
( 187, 'Objective', 'Murdock', 50, 20),
( 188, 'Musing', 'Ishizaka', 36, 13),
( 189, 'Stoic', 'Shtern', 80, 36),
( 190, 'Clever', 'Banzai', 37, 22),
( 191, 'Vigorous', 'Goodall', 12, 48),
( 192, 'Eager', 'Visvesvaraya', 36, 43),
( 193, 'Pensive', 'Pare', 57, 20),
( 194, 'Brave', 'Cori', 64, 17),
( 195, 'Modest', 'Roentgen', 5, 41),
( 196, 'Vigorous', 'Brown', 58, 12),
( 197, 'Gifted', 'Sammet', 73, 40),
( 198, 'Gallant', 'Stonebraker', 80, 1),
( 199, 'Relaxed', 'Shannon', 57, 4),
( 200, 'Jovial', 'Mahavira', 40, 28),
( 201, 'Vigorous', 'Shockley', 75, 44),
( 202, 'Serene', 'Panini', 49, 21),
( 203, 'Cranky', 'Benz', 8, 34),
( 204, 'Zen', 'Clarke', 59, 1),
( 205, 'Sharp', 'Brahmagupta', 70, 38),
( 206, 'Heuristic', 'Zhukovsky', 8, 37),
( 207, 'Vigilant', 'Hamilton', 16, 50),
( 208, 'Practical', 'Bhaskara', 40, 22),
( 209, 'Elated', 'Raman', 2, 7),
( 210, 'Jolly', 'Bell', 2, 34),
( 211, 'Mystifying', 'Ishizaka', 65, 48),
( 212, 'Stupefied', 'Sutherland', 57, 41),
( 213, 'Eager', 'Burnell', 15, 15),
( 214, 'Quirky', 'Goodall', 70, 5),
( 215, 'Wizardly', 'Gates', 81, 37),
( 216, 'Vigorous', 'Faraday', 69, 32),
( 217, 'Quirky', 'Rhodes', 39, 30),
( 218, 'Objective', 'Hugle', 70, 38),
( 219, 'Festive', 'Perlman', 16, 27),
( 220, 'Relaxed', 'Cerf', 39, 47),
( 221, 'Gifted', 'Bose', 55, 15),
( 222, 'Keen', 'Lewin', 30, 38),
( 223, 'Vigorous', 'Galois', 81, 20),
( 224, 'Elated', 'Snyder', 6, 39),
( 225, 'Dazzling', 'Moore', 64, 2),
( 226, 'Lucid', 'Nightingale', 62, 23),
( 227, 'Happy', 'Wilson', 50, 9),
( 228, 'Suspicious', 'Liskov', 80, 31),
( 229, 'Brave', 'Mirzakhani', 76, 18),
( 230, 'Mystifying', 'Merkle', 75, 19),
( 231, 'Interesting', 'Ritchie', 54, 14),
( 232, 'Trusting', 'Mahavira', 65, 27),
( 233, 'Competent', 'Rubin', 59, 20),
( 234, 'Gracious', 'Davinci', 38, 23),
( 235, 'Hardcore', 'Pasteur', 64, 1),
( 236, 'Cranky', 'Pascal', 81, 39),
( 237, 'Festive', 'Dirac', 79, 13),
( 238, 'Cranky', 'Spence', 83, 27),
( 239, 'Trusting', 'Wing', 75, 27),
( 240, 'Thirsty', 'Mendel', 2, 42),
( 241, 'Sleepy', 'Agnesi', 14, 22),
( 242, 'Busy', 'Black', 59, 12),
( 243, 'Youthful', 'Colden', 44, 13),
( 244, 'Gifted', 'Colden', 6, 45),
( 245, 'Charming', 'Khorana', 51, 3),
( 246, 'Gifted', 'Ride', 44, 27),
( 247, 'Practical', 'Rosalind', 12, 40),
( 248, 'Sleepy', 'Burnell', 14, 16),
( 249, 'Elated', 'Cray', 61, 41),
( 250, 'Upbeat', 'Einstein', 50, 46),
( 251, 'Recursing', 'Hermann', 70, 17),
( 252, 'Suspicious', 'Gould', 61, 6),
( 253, 'Friendly', 'Burnell', 66, 9),
( 254, 'Elegant', 'Kalam', 45, 33),
( 255, 'Funny', 'Blackwell', 62, 20),
( 256, 'Jolly', 'Tesla', 7, 23),
( 257, 'Zen', 'Mcclintock', 80, 48),
( 258, 'Nostalgic', 'Shaw', 14, 31),
( 259, 'Upbeat', 'Borg', 32, 6),
( 260, 'Affectionate', 'Bhabha', 8, 6),
( 261, 'Vigilant', 'Elbakyan', 12, 13),
( 262, 'Inspiring', 'Mclaren', 65, 25),
( 263, 'Nostalgic', 'Wozniak', 14, 24),
( 264, 'Quizzical', 'Boyd', 67, 36),
( 265, 'Adoring', 'Kare', 52, 46),
( 266, 'Mystifying', 'Hawking', 68, 33),
( 267, 'Jovial', 'Moser', 35, 14),
( 268, 'Lucid', 'Roentgen', 57, 5),
( 269, 'Frosty', 'Mcnulty', 34, 3),
( 270, 'Angry', 'Allen', 36, 18),
( 271, 'Admiring', 'Torvalds', 4, 13),
( 272, 'Elastic', 'Maxwell', 5, 13),
( 273, 'Objective', 'Bohr', 83, 15),
( 274, 'Condescending', 'Maxwell', 58, 15),
( 275, 'Musing', 'Montalcini', 63, 50),
( 276, 'Focused', 'Dewdney', 60, 17),
( 277, 'Tender', 'Babbage', 51, 39),
( 278, 'Naughty', 'Joliot', 76, 32),
( 279, 'Inspiring', 'Dijkstra', 58, 7),
( 280, 'Modest', 'Goldwasser', 63, 1),
( 281, 'Objective', 'Faraday', 14, 44),
( 282, 'Wizardly', 'Hofstadter', 48, 19),
( 283, 'Frosty', 'Brattain', 14, 42),
( 284, 'Vigilant', 'Shaw', 56, 18),
( 285, 'Stupefied', 'Spence', 2, 26),
( 286, 'Zen', 'Easley', 71, 44),
( 287, 'Charming', 'Ganguly', 57, 46),
( 288, 'Kind', 'Lumiere', 1, 12),
( 289, 'Kind', 'Bhabha', 14, 10),
( 290, 'Cool', 'Cannon', 83, 17),
( 291, 'Trusting', 'Black', 17, 30),
( 292, 'Goofy', 'Edison', 62, 26),
( 293, 'Romantic', 'Montalcini', 65, 15),
( 294, 'Interesting', 'Almeida', 67, 3),
( 295, 'Eager', 'Satoshi', 13, 15),
( 296, 'Zealous', 'Rosalind', 50, 50),
( 297, 'Sad', 'Davinci', 63, 8),
( 298, 'Brave', 'Boyd', 53, 31),
( 299, 'Vibrant', 'Gates', 6, 5),
( 300, 'Happy', 'Mirzakhani', 64, 2),
( 301, 'Magical', 'Mestorf', 50, 40),
( 302, 'Youthful', 'Hoover', 58, 2),
( 303, 'Youthful', 'Galileo', 4, 37),
( 304, 'Mystifying', 'Chaum', 53, 29),
( 305, 'Jovial', 'Hodgkin', 58, 50),
( 306, 'Friendly', 'Wilbur', 8, 10),
( 307, 'Youthful', 'Hugle', 81, 32),
( 308, 'Hardcore', 'Benz', 78, 41),
( 309, 'Wizardly', 'Nightingale', 8, 42),
( 310, 'Flamboyant', 'Hermann', 16, 18),
( 311, 'Thirsty', 'Panini', 11, 8),
( 312, 'Condescending', 'Sanderson', 65, 25),
( 313, 'Practical', 'Aryabhata', 39, 36),
( 314, 'Determined', 'Archimedes', 66, 22),
( 315, 'Angry', 'Pasteur', 2, 40),
( 316, 'Optimistic', 'Ishizaka', 37, 28),
( 317, 'Mystifying', 'Zhukovsky', 46, 7),
( 318, 'Tender', 'Bassi', 20, 26),
( 319, 'Laughing', 'Jackson', 82, 24),
( 320, 'Recursing', 'Edison', 43, 47),
( 321, 'Trusting', 'Mestorf', 6, 19),
( 322, 'Modest', 'Jackson', 17, 33),
( 323, 'Competent', 'Proskuriakova', 52, 27),
( 324, 'Strange', 'Wozniak', 10, 24),
( 325, 'Pensive', 'Lamarr', 42, 47),
( 326, 'Musing', 'Galileo', 50, 46),
( 327, 'Condescending', 'Chaplygin', 32, 33),
( 328, 'Zealous', 'Noyce', 55, 47),
( 329, 'Wonderful', 'Ellis', 58, 16),
( 330, 'Jovial', 'Lumiere', 62, 45),
( 331, 'Wonderful', 'Nightingale', 50, 34),
( 332, 'Great', 'Faraday', 50, 15),
( 333, 'Dazzling', 'Hellman', 60, 50),
( 334, 'Amazing', 'Nightingale', 44, 8),
( 335, 'Youthful', 'Merkle', 3, 21),
( 336, 'Xenodochial', 'Shaw', 16, 18),
( 337, 'Crazy', 'Torvalds', 30, 6),
( 338, 'Competent', 'Cannon', 50, 32),
( 339, 'Quizzical', 'Bouman', 71, 31),
( 340, 'Silly', 'Murdock', 47, 38),
( 341, 'Brave', 'Gagarin', 52, 12),
( 342, 'Festive', 'Brahmagupta', 69, 20),
( 343, 'Sharp', 'Antonelli', 58, 14),
( 344, 'Compassionate', 'Mirzakhani', 60, 21),
( 345, 'Strange', 'Northcutt', 35, 37),
( 346, 'Exciting', 'Blackburn', 79, 40),
( 347, 'Eager', 'Agnesi', 58, 16),
( 348, 'Pedantic', 'Hugle', 63, 36),
( 349, 'Blissful', 'Carver', 51, 14),
( 350, 'Vibrant', 'Williamson', 41, 37),
( 351, 'Clever', 'Pike', 47, 5),
( 352, 'Vibrant', 'Perlman', 1, 2),
( 353, 'Compassionate', 'Payne', 68, 34),
( 354, 'Cool', 'Nash', 4, 30),
( 355, 'Upbeat', 'Shannon', 57, 46),
( 356, 'Gracious', 'Galois', 64, 32),
( 357, 'Crazy', 'Bardeen', 2, 42),
( 358, 'Unruffled', 'Nightingale', 68, 37),
( 359, 'Interesting', 'Kirch', 72, 36),
( 360, 'Nifty', 'Jang', 40, 44),
( 361, 'Nifty', 'Wilson', 61, 7),
( 362, 'Happy', 'Varahamihira', 71, 41),
( 363, 'Vigorous', 'Knuth', 12, 19),
( 364, 'Quirky', 'Hoover', 52, 10),
( 365, 'Upbeat', 'Raman', 44, 30),
( 366, 'Youthful', 'Yonath', 38, 23),
( 367, 'Zealous', 'Bouman', 19, 1),
( 368, 'Sweet', 'Johnson', 78, 23),
( 369, 'Frosty', 'Shockley', 54, 39),
( 370, 'Kind', 'Lamport', 45, 11),
( 371, 'Inspiring', 'Davinci', 61, 39),
( 372, 'Unruffled', 'Zhukovsky', 19, 44),
( 373, 'Ecstatic', 'Visvesvaraya', 20, 40),
( 374, 'Eloquent', 'Curran', 16, 33),
( 375, 'Serene', 'Lalande', 35, 1),
( 376, 'Elated', 'Payne', 11, 35),
( 377, 'Musing', 'Antonelli', 50, 42),
( 378, 'Pensive', 'Lewin', 11, 18),
( 379, 'Objective', 'Pascal', 79, 1),
( 380, 'Nifty', 'Ptolemy', 61, 36),
( 381, 'Zealous', 'Cartwright', 2, 27),
( 382, 'Jovial', 'Curie', 55, 25),
( 383, 'Pedantic', 'Khorana', 51, 11),
( 384, 'Distracted', 'Borg', 12, 46),
( 385, 'Jolly', 'Margulis', 39, 5),
( 386, 'Agitated', 'Chaplygin', 50, 35),
( 387, 'Confident', 'Hofstadter', 58, 21),
( 388, 'Serene', 'Kepler', 42, 15),
( 389, 'Great', 'Poincare', 67, 36),
( 390, 'Priceless', 'Brattain', 15, 47),
( 391, 'Nostalgic', 'Blackburn', 8, 23),
( 392, 'Interesting', 'Cori', 37, 21),
( 393, 'Happy', 'Hofstadter', 43, 28),
( 394, 'Sleepy', 'Raman', 53, 27),
( 395, 'Stupefied', 'Noyce', 16, 50),
( 396, 'Awesome', 'Leakey', 11, 10),
( 397, 'Focused', 'Kapitsa', 58, 6),
( 398, 'Boring', 'Albattani', 57, 6),
( 399, 'Infallible', 'Cartwright', 45, 25),
( 400, 'Recursing', 'Yonath', 4, 46),
( 401, 'Awesome', 'Perlman', 74, 6),
( 402, 'Stoic', 'Spence', 31, 20),
( 403, 'Gifted', 'Moore', 11, 44),
( 404, 'Pensive', 'Noether', 82, 6),
( 405, 'Suspicious', 'Cerf', 63, 31),
( 406, 'Modest', 'Hamilton', 73, 42),
( 407, 'Reverent', 'Banzai', 54, 12),
( 408, 'Nice', 'Curran', 4, 42),
( 409, 'Competent', 'Curie', 75, 37),
( 410, 'Brave', 'Panini', 14, 1),
( 411, 'Dreamy', 'Bohr', 52, 7),
( 412, 'Intelligent', 'Hypatia', 1, 4),
( 413, 'Amazing', 'Chebyshev', 52, 12),
( 414, 'Fervent', 'Wright', 39, 6),
( 415, 'Peaceful', 'Aryabhata', 49, 28),
( 416, 'Stupefied', 'Faraday', 78, 47),
( 417, 'Affectionate', 'Tesla', 81, 4),
( 418, 'Competent', 'Roentgen', 47, 2),
( 419, 'Keen', 'Lehmann', 61, 13),
( 420, 'Clever', 'Easley', 48, 18),
( 421, 'Optimistic', 'Noether', 52, 47),
( 422, 'Focused', 'Gauss', 53, 35),
( 423, 'Jolly', 'Darwin', 54, 34),
( 424, 'Competent', 'Northcutt', 40, 16),
( 425, 'Festive', 'Wilbur', 71, 33),
( 426, 'Brave', 'Pike', 16, 22),
( 427, 'Interesting', 'Williams', 39, 37),
( 428, 'Inspiring', 'Mcnulty', 66, 4),
( 429, 'Hardcore', 'Wiles', 45, 9),
( 430, 'Busy', 'Borg', 59, 23),
( 431, 'Adoring', 'Cray', 55, 5),
( 432, 'Musing', 'Spence', 10, 4),
( 433, 'Dazzling', 'Goodall', 57, 2),
( 434, 'Cool', 'Colden', 9, 14),
( 435, 'Angry', 'Banzai', 61, 43),
( 436, 'Upbeat', 'Newton', 63, 12),
( 437, 'Goofy', 'Greider', 34, 5),
( 438, 'Competent', 'Poincare', 63, 7),
( 439, 'Nifty', 'Chaplygin', 78, 8),
( 440, 'Laughing', 'Leavitt', 8, 12),
( 441, 'Gracious', 'Dirac', 39, 46),
( 442, 'Beautiful', 'Shaw', 50, 23),
( 443, 'Dazzling', 'Babbage', 69, 38),
( 444, 'Pedantic', 'Poincare', 19, 7),
( 445, 'Busy', 'Ramanujan', 74, 5),
( 446, 'Cranky', 'Ritchie', 10, 1),
( 447, 'Great', 'Germain', 69, 26),
( 448, 'Brave', 'Black', 17, 29),
( 449, 'Crazy', 'Sutherland', 72, 18),
( 450, 'Zealous', 'Almeida', 79, 49),
( 451, 'Affectionate', 'Bell', 32, 37),
( 452, 'Admiring', 'Dijkstra', 76, 46),
( 453, 'Objective', 'Joliot', 65, 49),
( 454, 'Xenodochial', 'Morse', 13, 28),
( 455, 'Adoring', 'Goodall', 35, 4),
( 456, 'Relaxed', 'Mclaren', 81, 6),
( 457, 'Inspiring', 'Shamir', 58, 38),
( 458, 'Wizardly', 'Margulis', 7, 13),
( 459, 'Quizzical', 'Elgamal', 37, 30),
( 460, 'Strange', 'Mendeleev', 59, 33),
( 461, 'Angry', 'Dubinsky', 59, 38),
( 462, 'Adoring', 'Keller', 78, 14),
( 463, 'Admiring', 'Nobel', 53, 42),
( 464, 'Funny', 'Gagarin', 41, 21),
( 465, 'Keen', 'Mclaren', 52, 1),
( 466, 'Sleepy', 'Hodgkin', 32, 25),
( 467, 'Distracted', 'Bassi', 71, 7),
( 468, 'Recursing', 'Dijkstra', 54, 26),
( 469, 'Keen', 'Wilson', 83, 6),
( 470, 'Ecstatic', 'Bouman', 15, 32),
( 471, 'Wizardly', 'Proskuriakova', 2, 42),
( 472, 'Determined', 'Newton', 6, 11),
( 473, 'Happy', 'Mccarthy', 62, 6),
( 474, 'Zealous', 'Fermi', 42, 48),
( 475, 'Hopeful', 'Austin', 56, 45),
( 476, 'Upbeat', 'Tesla', 75, 20),
( 477, 'Stoic', 'Beaver', 20, 21),
( 478, 'Serene', 'Black', 60, 22),
( 479, 'Stupefied', 'Rosalind', 75, 11),
( 480, 'Exciting', 'Kowalevski', 72, 16),
( 481, 'Relaxed', 'Neumann', 14, 31),
( 482, 'Modest', 'Wozniak', 20, 50),
( 483, 'Eager', 'Mendel', 46, 38),
( 484, 'Interesting', 'Carson', 74, 36),
( 485, 'Hardcore', 'Kalam', 67, 10),
( 486, 'Zealous', 'Kalam', 13, 17),
( 487, 'Sad', 'Margulis', 68, 46),
( 488, 'Optimistic', 'Cartwright', 53, 13),
( 489, 'Zealous', 'Ritchie', 81, 13),
( 490, 'Keen', 'Brahmagupta', 37, 2),
( 491, 'Practical', 'Antonelli', 35, 45),
( 492, 'Vigorous', 'Swartz', 55, 35),
( 493, 'Vibrant', 'Mcclintock', 4, 34),
( 494, 'Nifty', 'Rhodes', 18, 5),
( 495, 'Hardcore', 'Kapitsa', 76, 26),
( 496, 'Epic', 'Darwin', 4, 42),
( 497, 'Sharp', 'Goodall', 9, 47),
( 498, 'Dreamy', 'Brattain', 33, 36),
( 499, 'Relaxed', 'Moser', 53, 9),
( 500, 'Friendly', 'Babbage', 68, 25);